{
  "prop_time": {
    "1": [
      0.07861161231994629
    ],
    "2": [
      0.13857245445251465
    ],
    "3": [
      32.03261756896973
    ],
    "4": [
      1444.1294734477997
    ]
  },
  "exp_time": {
    "1": [
      0.0
    ],
    "2": [
      0.0
    ],
    "3": [
      0.06012701988220215
    ],
    "4": [
      1.658921241760254
    ]
  },
  "expectation": {
    "1": [
      0.0
    ],
    "2": [
      0.0
    ],
    "3": [
      0.0
    ],
    "4": [
      0.0
    ]
  }
}