{
  "prop_time": {
    "1": [
      0.04541969299316406
    ],
    "2": [
      0.08499026298522949
    ],
    "3": [
      13.194167375564575
    ],
    "4": [
      710.118020772934
    ]
  },
  "exp_time": {
    "1": [
      0.0009996891021728516
    ],
    "2": [
      0.0010068416595458984
    ],
    "3": [
      0.05298352241516113
    ],
    "4": [
      2.287139892578125
    ]
  },
  "expectation": {
    "1": [
      0.0
    ],
    "2": [
      0.0
    ],
    "3": [
      0.0
    ],
    "4": [
      0.0
    ]
  }
}