{
  "prop_time": {
    "1": [
      0.01717543601989746
    ],
    "2": [
      0.02300095558166504
    ],
    "3": [
      0.16495418548583984
    ],
    "4": [
      1.1377427577972412
    ],
    "5": [
      16.075584411621094
    ],
    "6": [
      188.4123077392578
    ],
    "7": [
      1386.0884771347046
    ],
    "8": [
      8488.524110555649
    ]
  },
  "exp_time": {
    "1": [
      0.0
    ],
    "2": [
      0.0010004043579101562
    ],
    "3": [
      0.0036590099334716797
    ],
    "4": [
      0.03301668167114258
    ],
    "5": [
      0.5670499801635742
    ],
    "6": [
      7.8478684425354
    ],
    "7": [
      59.82393527030945
    ],
    "8": [
      397.553808927536
    ]
  },
  "expectation": {
    "1": [
      -0.04419417382415923
    ],
    "2": [
      0.04955582617584081
    ],
    "3": [
      -0.04170964660024881
    ],
    "4": [
      -0.03508695362022137
    ],
    "5": [
      -0.07485993080979471
    ],
    "6": [
      -0.08569120491434376
    ],
    "7": [
      -0.10641668347076523
    ],
    "8": [
      -0.11595742577593325
    ]
  }
}