{
  "prop_time": {
    "1": [
      0.09763455390930176
    ],
    "2": [
      0.05699896812438965
    ],
    "3": [
      2.7951924800872803
    ],
    "4": [
      91.63403677940369
    ]
  },
  "exp_time": {
    "1": [
      0.0010006427764892578
    ],
    "2": [
      0.0
    ],
    "3": [
      0.020023345947265625
    ],
    "4": [
      0.8880131244659424
    ]
  },
  "expectation": {
    "1": [
      0.0
    ],
    "2": [
      0.0
    ],
    "3": [
      0.0
    ],
    "4": [
      0.0
    ]
  }
}