{
  "prop_time": {
    "1": [
      0.02699875831604004
    ],
    "2": [
      0.06227564811706543
    ],
    "3": [
      0.4459409713745117
    ],
    "4": [
      8.029035806655884
    ],
    "5": [
      110.19317770004272
    ]
  },
  "exp_time": {
    "1": [
      0.0010035037994384766
    ],
    "2": [
      0.0
    ],
    "3": [
      0.005997180938720703
    ],
    "4": [
      0.10722994804382324
    ],
    "5": [
      2.848679542541504
    ]
  },
  "expectation": {
    "1": [
      0.015625000000000003
    ],
    "2": [
      -0.015134252620174158
    ],
    "3": [
      0.007280587023879344
    ],
    "4": [
      0.03090072934376576
    ],
    "5": [
      0.03392395821800896
    ]
  }
}