{
  "prop_time": {
    "1": [
      0.17876577377319336
    ],
    "2": [
      0.1963658332824707
    ],
    "3": [
      41.142054319381714
    ],
    "4": [
      1687.7525660991669
    ]
  },
  "exp_time": {
    "1": [
      0.0009989738464355469
    ],
    "2": [
      0.0
    ],
    "3": [
      0.038818359375
    ],
    "4": [
      1.0694334506988525
    ]
  },
  "expectation": {
    "1": [
      9.313225746154787e-10
    ],
    "2": [
      -2.8091935034451954e-09
    ],
    "3": [
      1.0055101300886851e-07
    ],
    "4": [
      -5.115526361598485e-07
    ]
  }
}