{
  "prop_time": {
    "1": [
      0.01782083511352539
    ],
    "2": [
      0.021131277084350586
    ],
    "3": [
      0.02304244041442871
    ],
    "4": [
      0.027031421661376953
    ],
    "5": [
      0.021975994110107422
    ],
    "6": [
      0.02000141143798828
    ]
  },
  "exp_time": {
    "1": [
      0.0
    ],
    "2": [
      0.0
    ],
    "3": [
      0.0005099773406982422
    ],
    "4": [
      0.0015108585357666016
    ],
    "5": [
      0.0020177364349365234
    ],
    "6": [
      0.005983829498291016
    ]
  },
  "expectation": {
    "1": [
      -0.35355339059327384
    ],
    "2": [
      -0.35355339059327384
    ],
    "3": [
      -0.35355339059327384
    ],
    "4": [
      -0.35355339059327384
    ],
    "5": [
      -0.35355339059327384
    ],
    "6": [
      -0.35355339059327384
    ]
  }
}