{
  "prop_time": {
    "1": [
      0.014046669006347656
    ],
    "2": [
      0.01654815673828125
    ],
    "3": [
      0.03563237190246582
    ],
    "4": [
      0.07938766479492188
    ],
    "5": [
      0.1590285301208496
    ],
    "6": [
      0.31699466705322266
    ]
  },
  "exp_time": {
    "1": [
      0.0
    ],
    "2": [
      0.0
    ],
    "3": [
      0.00099945068359375
    ],
    "4": [
      0.00500035285949707
    ],
    "5": [
      0.016000986099243164
    ],
    "6": [
      0.03300642967224121
    ]
  },
  "expectation": {
    "1": [
      0.0
    ],
    "2": [
      0.0
    ],
    "3": [
      0.0
    ],
    "4": [
      0.0
    ],
    "5": [
      0.0
    ],
    "6": [
      0.0
    ]
  }
}