{
  "prop_time": {
    "1": [
      0.017058134078979492
    ],
    "2": [
      0.027434110641479492
    ],
    "3": [
      0.1137845516204834
    ],
    "4": [
      0.5488076210021973
    ],
    "5": [
      3.7063798904418945
    ],
    "6": [
      25.10292935371399
    ]
  },
  "exp_time": {
    "1": [
      0.0
    ],
    "2": [
      0.0
    ],
    "3": [
      0.002902984619140625
    ],
    "4": [
      0.024024486541748047
    ],
    "5": [
      0.2080233097076416
    ],
    "6": [
      1.7629237174987793
    ]
  },
  "expectation": {
    "1": [
      0.0
    ],
    "2": [
      0.0
    ],
    "3": [
      0.0
    ],
    "4": [
      0.0
    ],
    "5": [
      0.0
    ],
    "6": [
      0.0
    ]
  }
}