{
  "prop_time": {
    "1": [
      0.07865309715270996
    ],
    "2": [
      0.1489725112915039
    ],
    "3": [
      44.74657607078552
    ],
    "4": [
      1899.0800654888153
    ]
  },
  "exp_time": {
    "1": [
      0.0
    ],
    "2": [
      0.0
    ],
    "3": [
      0.02291250228881836
    ],
    "4": [
      0.7908315658569336
    ]
  },
  "expectation": {
    "1": [
      0.0
    ],
    "2": [
      0.0
    ],
    "3": [
      0.0
    ],
    "4": [
      0.0
    ]
  }
}