{
  "prop_time": {
    "1": [
      0.01350712776184082
    ],
    "2": [
      0.023549556732177734
    ],
    "3": [
      0.07416987419128418
    ],
    "4": [
      0.24317121505737305
    ],
    "5": [
      0.8924598693847656
    ],
    "6": [
      3.250962018966675
    ],
    "7": [
      13.432954549789429
    ],
    "8": [
      26.56459379196167
    ],
    "9": [
      45.46781039237976
    ],
    "10": [
      68.9762601852417
    ],
    "None": [
      91.80636143684387
    ]
  },
  "exp_time": {
    "1": [
      0.0
    ],
    "2": [
      0.0
    ],
    "3": [
      0.0020008087158203125
    ],
    "4": [
      0.01265859603881836
    ],
    "5": [
      0.06979608535766602
    ],
    "6": [
      0.367917537689209
    ],
    "7": [
      1.1783862113952637
    ],
    "8": [
      2.44303560256958
    ],
    "9": [
      4.461974620819092
    ],
    "10": [
      6.544492483139038
    ],
    "None": [
      10.814919233322144
    ]
  },
  "expectation": {
    "1": [
      0.12500000000000003
    ],
    "2": [
      -0.007582521472477649
    ],
    "3": [
      0.08616747852752238
    ],
    "4": [
      0.21338834764831854
    ],
    "5": [
      0.22510709764831854
    ],
    "6": [
      0.22510709764831854
    ],
    "7": [
      0.22510709764831854
    ],
    "8": [
      0.22510709764831854
    ],
    "9": [
      0.22510709764831854
    ],
    "10": [
      0.22510709764831854
    ],
    "None": [
      0.22510709764831854
    ]
  }
}