{
  "prop_time": {
    "1": [
      0.007001638412475586
    ],
    "2": [
      0.008592367172241211
    ],
    "3": [
      0.013056516647338867
    ],
    "4": [
      0.013402462005615234
    ],
    "5": [
      0.009000301361083984
    ],
    "6": [
      0.009094715118408203
    ]
  },
  "exp_time": {
    "1": [
      0.0010001659393310547
    ],
    "2": [
      0.0
    ],
    "3": [
      0.0
    ],
    "4": [
      0.0
    ],
    "5": [
      0.0
    ],
    "6": [
      0.0
    ]
  },
  "expectation": {
    "1": [
      0.0
    ],
    "2": [
      0.0
    ],
    "3": [
      0.0
    ],
    "4": [
      0.0
    ],
    "5": [
      0.0
    ],
    "6": [
      0.0
    ]
  }
}