{
  "prop_time": {
    "1": [
      0.023214340209960938
    ],
    "2": [
      0.0476534366607666
    ],
    "3": [
      0.7997515201568604
    ],
    "4": [
      11.803271770477295
    ],
    "5": [
      603.9239475727081
    ]
  },
  "exp_time": {
    "1": [
      0.0
    ],
    "2": [
      0.0
    ],
    "3": [
      0.010675907135009766
    ],
    "4": [
      0.19542217254638672
    ],
    "5": [
      9.950002193450928
    ]
  },
  "expectation": {
    "1": [
      -0.005524271728019904
    ],
    "2": [
      -0.0019667015473380104
    ],
    "3": [
      -0.01610159410523909
    ],
    "4": [
      0.007312986594896461
    ],
    "5": [
      -0.026344203231991114
    ]
  }
}