{
  "prop_time": {
    "1": [
      0.12474966049194336
    ],
    "2": [
      0.25339293479919434
    ],
    "3": [
      46.57444381713867
    ],
    "4": [
      1981.0589373111725
    ]
  },
  "exp_time": {
    "1": [
      0.0
    ],
    "2": [
      0.0
    ],
    "3": [
      0.013007879257202148
    ],
    "4": [
      0.4580233097076416
    ]
  },
  "expectation": {
    "1": [
      -5.144878968614995e-12
    ],
    "2": [
      8.462939853484963e-12
    ],
    "3": [
      -7.383653538307888e-10
    ],
    "4": [
      -2.441254992007342e-10
    ]
  }
}