{
  "prop_time": {
    "1": [
      0.04451131820678711
    ],
    "2": [
      0.07100296020507812
    ],
    "3": [
      6.839899063110352
    ],
    "4": [
      342.76153469085693
    ]
  },
  "exp_time": {
    "1": [
      0.0
    ],
    "2": [
      0.0
    ],
    "3": [
      0.03401803970336914
    ],
    "4": [
      1.593604564666748
    ]
  },
  "expectation": {
    "1": [
      3.051757812500001e-05
    ],
    "2": [
      -2.7824602892673966e-05
    ],
    "3": [
      0.0003101930618982961
    ],
    "4": [
      0.00023893874351918254
    ]
  }
}