{
  "prop_time": {
    "1": [
      0.15049242973327637
    ],
    "2": [
      0.17909669876098633
    ],
    "3": [
      24.515397787094116
    ],
    "4": [
      1086.3213365077972
    ]
  },
  "exp_time": {
    "1": [
      0.0
    ],
    "2": [
      0.0
    ],
    "3": [
      0.05904722213745117
    ],
    "4": [
      1.8615684509277344
    ]
  },
  "expectation": {
    "1": [
      -1.6858739404357617e-07
    ],
    "2": [
      4.0547486707966707e-07
    ],
    "3": [
      -6.0430780627688425e-06
    ],
    "4": [
      -4.158639889733744e-06
    ]
  }
}