{
  "prop_time": {
    "1": [
      0.030966758728027344
    ],
    "2": [
      0.03847503662109375
    ],
    "3": [
      0.5627543926239014
    ],
    "4": [
      10.405884981155396
    ],
    "5": [
      258.1508107185364
    ]
  },
  "exp_time": {
    "1": [
      0.0009560585021972656
    ],
    "2": [
      0.0010004043579101562
    ],
    "3": [
      0.00839543342590332
    ],
    "4": [
      0.15108776092529297
    ],
    "5": [
      5.2123425006866455
    ]
  },
  "expectation": {
    "1": [
      0.0
    ],
    "2": [
      0.0
    ],
    "3": [
      0.0
    ],
    "4": [
      0.0
    ],
    "5": [
      0.0
    ]
  }
}