{
  "prop_time": {
    "1": [
      0.020468473434448242
    ],
    "2": [
      0.03697848320007324
    ],
    "3": [
      0.2706136703491211
    ],
    "4": [
      4.061295747756958
    ],
    "5": [
      43.693721294403076
    ]
  },
  "exp_time": {
    "1": [
      0.0
    ],
    "2": [
      0.001001596450805664
    ],
    "3": [
      0.004017829895019531
    ],
    "4": [
      0.06500411033630371
    ],
    "5": [
      1.3936655521392822
    ]
  },
  "expectation": {
    "1": [
      0.0
    ],
    "2": [
      0.0
    ],
    "3": [
      0.0
    ],
    "4": [
      0.0
    ],
    "5": [
      0.0
    ]
  }
}