{
  "prop_time": {
    "1": [
      0.037312984466552734
    ],
    "2": [
      0.036661624908447266
    ],
    "3": [
      0.0790250301361084
    ],
    "4": [
      0.03730058670043945
    ],
    "5": [
      0.03726387023925781
    ],
    "6": [
      0.08656835556030273
    ],
    "7": [
      0.038162946701049805
    ]
  },
  "exp_time": {
    "1": [
      0.001003265380859375
    ],
    "2": [
      0.0
    ],
    "3": [
      0.0
    ],
    "4": [
      0.0
    ],
    "5": [
      0.0
    ],
    "6": [
      0.0
    ],
    "7": [
      0.0
    ]
  },
  "expectation": {
    "1": [
      1.0
    ],
    "2": [
      1.0
    ],
    "3": [
      1.0
    ],
    "4": [
      1.0
    ],
    "5": [
      1.0
    ],
    "6": [
      1.0
    ],
    "7": [
      1.0
    ]
  }
}