{
  "prop_time": {
    "1": [
      0.04323077201843262
    ],
    "2": [
      0.042516231536865234
    ],
    "3": [
      0.043202877044677734
    ],
    "4": [
      0.11237788200378418
    ],
    "5": [
      0.2614915370941162
    ],
    "6": [
      21.671704530715942
    ],
    "7": [
      1185.8695921897888
    ]
  },
  "exp_time": {
    "1": [
      0.0
    ],
    "2": [
      0.0
    ],
    "3": [
      0.0
    ],
    "4": [
      0.0
    ],
    "5": [
      0.0
    ],
    "6": [
      0.2001969814300537
    ],
    "7": [
      16.22488784790039
    ]
  },
  "expectation": {
    "1": [
      0.004692850252566304
    ],
    "2": [
      0.004692850252566304
    ],
    "3": [
      0.004692850252566304
    ],
    "4": [
      0.15479877911313755
    ],
    "5": [
      0.47865354873726507
    ],
    "6": [
      0.47891750315718656
    ],
    "7": [
      0.4563767170232226
    ]
  }
}