{
  "prop_time": {
    "1": [
      0.041123151779174805
    ],
    "2": [
      0.04439258575439453
    ],
    "3": [
      0.04274153709411621
    ],
    "4": [
      0.0985100269317627
    ],
    "5": [
      0.2561354637145996
    ],
    "6": [
      5.046442031860352
    ],
    "7": [
      81.39208340644836
    ]
  },
  "exp_time": {
    "1": [
      0.0
    ],
    "2": [
      0.0
    ],
    "3": [
      0.0
    ],
    "4": [
      0.0
    ],
    "5": [
      0.0009999275207519531
    ],
    "6": [
      0.02987074851989746
    ],
    "7": [
      0.5039374828338623
    ]
  },
  "expectation": {
    "1": [
      0.9046862210586759
    ],
    "2": [
      0.9046862210586759
    ],
    "3": [
      0.9046862210586759
    ],
    "4": [
      0.9985579354060952
    ],
    "5": [
      0.9954906218488024
    ],
    "6": [
      0.9958992242601047
    ],
    "7": [
      0.9957129138669735
    ]
  }
}