{
  "prop_time": {
    "1": [
      0.041205406188964844
    ],
    "2": [
      0.0525665283203125
    ],
    "3": [
      0.04957699775695801
    ],
    "4": [
      0.1110682487487793
    ],
    "5": [
      0.25782251358032227
    ],
    "6": [
      13.784530639648438
    ],
    "7": [
      474.63697266578674
    ]
  },
  "exp_time": {
    "1": [
      0.0
    ],
    "2": [
      0.0
    ],
    "3": [
      0.0009989738464355469
    ],
    "4": [
      0.0
    ],
    "5": [
      0.001003265380859375
    ],
    "6": [
      0.09353017807006836
    ],
    "7": [
      3.3791415691375732
    ]
  },
  "expectation": {
    "1": [
      0.40098425430406087
    ],
    "2": [
      0.40098425430406087
    ],
    "3": [
      0.40098425430406087
    ],
    "4": [
      0.9115520362979947
    ],
    "5": [
      0.9631946502578462
    ],
    "6": [
      0.9631220724447767
    ],
    "7": [
      0.9226211338032613
    ]
  }
}