{
  "prop_time": {
    "1": [
      0.043575286865234375
    ],
    "2": [
      0.04683804512023926
    ],
    "3": [
      0.04332590103149414
    ],
    "4": [
      0.09906196594238281
    ],
    "5": [
      0.2806892395019531
    ],
    "6": [
      21.833961248397827
    ],
    "7": [
      1208.9685235023499
    ]
  },
  "exp_time": {
    "1": [
      0.0
    ],
    "2": [
      0.0
    ],
    "3": [
      0.0
    ],
    "4": [
      0.0009472370147705078
    ],
    "5": [
      0.0
    ],
    "6": [
      0.19414234161376953
    ],
    "7": [
      16.89227294921875
    ]
  },
  "expectation": {
    "1": [
      0.0007261057183150217
    ],
    "2": [
      0.0007261057183150217
    ],
    "3": [
      0.0007261057183150217
    ],
    "4": [
      0.04896086766511973
    ],
    "5": [
      0.24220967043468583
    ],
    "6": [
      0.23789522288473114
    ],
    "7": [
      0.23278247555930792
    ]
  }
}