{
  "prop_time": {
    "1": [
      0.04315543174743652
    ],
    "2": [
      0.042057037353515625
    ],
    "3": [
      0.04681539535522461
    ],
    "4": [
      0.12009048461914062
    ],
    "5": [
      0.2633955478668213
    ],
    "6": [
      9.60486102104187
    ],
    "7": [
      233.5992124080658
    ]
  },
  "exp_time": {
    "1": [
      0.0009789466857910156
    ],
    "2": [
      0.0
    ],
    "3": [
      0.0
    ],
    "4": [
      0.0
    ],
    "5": [
      0.0010008811950683594
    ],
    "6": [
      0.061415672302246094
    ],
    "7": [
      1.546574592590332
    ]
  },
  "expectation": {
    "1": [
      0.6685156573838914
    ],
    "2": [
      0.6685156573838914
    ],
    "3": [
      0.6685156573838914
    ],
    "4": [
      0.9793577750986124
    ],
    "5": [
      0.9838559520484091
    ],
    "6": [
      0.9889757316586504
    ],
    "7": [
      0.9781065569607075
    ]
  }
}