{
  "prop_time": {
    "1": [
      0.04263114929199219
    ],
    "2": [
      0.0810699462890625
    ],
    "3": [
      0.046088218688964844
    ],
    "4": [
      0.10807204246520996
    ],
    "5": [
      0.2764396667480469
    ],
    "6": [
      20.926881551742554
    ],
    "7": [
      947.9683082103729
    ]
  },
  "exp_time": {
    "1": [
      0.0
    ],
    "2": [
      0.0
    ],
    "3": [
      0.0
    ],
    "4": [
      0.0
    ],
    "5": [
      0.0013573169708251953
    ],
    "6": [
      0.16219544410705566
    ],
    "7": [
      8.320988655090332
    ]
  },
  "expectation": {
    "1": [
      0.07341075641943544
    ],
    "2": [
      0.07341075641943544
    ],
    "3": [
      0.07341075641943544
    ],
    "4": [
      0.5685683131918602
    ],
    "5": [
      0.8258910947693119
    ],
    "6": [
      0.8352528753892527
    ],
    "7": [
      0.8006755899180076
    ]
  }
}