{
  "prop_time": {
    "1": [
      0.043589115142822266
    ],
    "2": [
      0.045694589614868164
    ],
    "3": [
      0.045270442962646484
    ],
    "4": [
      0.09835600852966309
    ],
    "5": [
      0.26392674446105957
    ],
    "6": [
      21.945526361465454
    ],
    "7": [
      991.5001742839813
    ]
  },
  "exp_time": {
    "1": [
      0.0
    ],
    "2": [
      0.0
    ],
    "3": [
      0.0
    ],
    "4": [
      0.0
    ],
    "5": [
      0.0
    ],
    "6": [
      0.1685466766357422
    ],
    "7": [
      9.807095289230347
    ]
  },
  "expectation": {
    "1": [
      4.495069593568962e-06
    ],
    "2": [
      4.495069593568962e-06
    ],
    "3": [
      4.495069593568962e-06
    ],
    "4": [
      0.0010815072490783556
    ],
    "5": [
      0.0117557219416292
    ],
    "6": [
      0.010020309433277764
    ],
    "7": [
      0.01168869571208192
    ]
  }
}