{
  "prop_time": {
    "1": [
      0.04165244102478027
    ],
    "2": [
      0.043138980865478516
    ],
    "3": [
      0.04514145851135254
    ],
    "4": [
      0.09684062004089355
    ],
    "5": [
      0.25426697731018066
    ],
    "6": [
      22.095507383346558
    ],
    "7": [
      1102.7605292797089
    ]
  },
  "exp_time": {
    "1": [
      0.0
    ],
    "2": [
      0.0
    ],
    "3": [
      0.0009989738464355469
    ],
    "4": [
      0.0009624958038330078
    ],
    "5": [
      0.0010051727294921875
    ],
    "6": [
      0.18774199485778809
    ],
    "7": [
      10.705621719360352
    ]
  },
  "expectation": {
    "1": [
      0.021508579253641216
    ],
    "2": [
      0.021508579253641216
    ],
    "3": [
      0.021508579253641216
    ],
    "4": [
      0.3408966691533433
    ],
    "5": [
      0.6895928701524096
    ],
    "6": [
      0.6896702443110666
    ],
    "7": [
      0.6464264001359589
    ]
  }
}