{
  "prop_time": {
    "1": [
      0.04359269142150879
    ],
    "2": [
      0.04133462905883789
    ],
    "3": [
      0.04126715660095215
    ],
    "4": [
      0.10039901733398438
    ],
    "5": [
      0.2589747905731201
    ],
    "6": [
      17.75525188446045
    ],
    "7": [
      697.9033234119415
    ]
  },
  "exp_time": {
    "1": [
      0.0009801387786865234
    ],
    "2": [
      0.0015048980712890625
    ],
    "3": [
      0.0
    ],
    "4": [
      0.0
    ],
    "5": [
      0.001018524169921875
    ],
    "6": [
      0.12755823135375977
    ],
    "7": [
      5.945356369018555
    ]
  },
  "expectation": {
    "1": [
      0.19309357143080122
    ],
    "2": [
      0.19309357143080122
    ],
    "3": [
      0.19309357143080122
    ],
    "4": [
      0.7730046568698707
    ],
    "5": [
      0.8966253118257234
    ],
    "6": [
      0.9049414204529738
    ],
    "7": [
      0.8773477935160251
    ]
  }
}