{
  "prop_time": {
    "1": [
      0.0257568359375
    ],
    "2": [
      0.02843785285949707
    ],
    "3": [
      0.028296232223510742
    ],
    "4": [
      0.03155946731567383
    ],
    "5": [
      0.03612923622131348
    ],
    "6": [
      0.04261159896850586
    ],
    "7": [
      0.11313700675964355
    ]
  },
  "exp_time": {
    "1": [
      0.0
    ],
    "2": [
      0.0
    ],
    "3": [
      0.0
    ],
    "4": [
      0.0009829998016357422
    ],
    "5": [
      0.0
    ],
    "6": [
      0.0
    ],
    "7": [
      0.0
    ]
  },
  "expectation": {
    "1": [
      0.0
    ],
    "2": [
      0.0
    ],
    "3": [
      0.0
    ],
    "4": [
      0.0
    ],
    "5": [
      0.0
    ],
    "6": [
      0.0
    ],
    "7": [
      0.0
    ]
  }
}