{
  "L": 35,
  "weight_hist": {
    "hist_vals": [
      0.0,
      0.0,
      0.0,
      0.0,
      0.0,
      0.0,
      0.0,
      0.0,
      0.0,
      0.0,
      0.0,
      0.0,
      0.0,
      0.0,
      5.555555555555556e-06,
      0.0,
      0.0,
      0.0,
      0.0,
      0.0,
      5.555555555555556e-06,
      0.0,
      0.0,
      0.0,
      0.0,
      0.0,
      5.555555555555556e-06,
      1.6666666666666667e-05,
      1.6666666666666667e-05,
      1.6666666666666667e-05,
      3.3333333333333335e-05,
      5.555555555555556e-06,
      1.6666666666666667e-05,
      1.1111111111111112e-05,
      4.4444444444444447e-05,
      6.666666666666667e-05,
      2.2222222222222223e-05,
      8.333333333333333e-05,
      7.777777777777778e-05,
      6.666666666666667e-05,
      0.00012222222222222221,
      0.00010555555555555555,
      0.00015,
      0.00011111111111111112,
      0.00019444444444444443,
      0.00019444444444444443,
      0.0002555555555555556,
      0.0002666666666666667,
      0.0003277777777777778,
      0.00040555555555555554,
      0.00046666666666666666,
      0.0006666666666666666,
      0.0006888888888888888,
      0.0008055555555555556,
      0.0009,
      0.0012777777777777779,
      0.001488888888888889,
      0.0015,
      0.001788888888888889,
      0.002238888888888889,
      0.0027722222222222224,
      0.0031555555555555555,
      0.0034666666666666665,
      0.004,
      0.0047,
      0.005488888888888889,
      0.006311111111111111,
      0.007338888888888889,
      0.008233333333333334,
      0.00963888888888889,
      0.010844444444444445,
      0.012083333333333333,
      0.013633333333333334,
      0.015555555555555555,
      0.017127777777777776,
      0.019383333333333332,
      0.021766666666666667,
      0.02376111111111111,
      0.026105555555555555,
      0.02935,
      0.032238888888888886,
      0.034833333333333334,
      0.03741111111111111,
      0.04095555555555556,
      0.0423,
      0.04527777777777778,
      0.04671111111111111,
      0.046816666666666666,
      0.04833333333333333,
      0.04692777777777778,
      0.04543333333333333,
      0.043555555555555556,
      0.04031111111111111,
      0.038094444444444445,
      0.03206666666666667,
      0.028133333333333333,
      0.023016666666666668,
      0.018461111111111112,
      0.014511111111111112,
      0.011461111111111111,
      0.008333333333333333,
      0.005611111111111111,
      0.003966666666666667,
      0.0025055555555555556,
      0.0015166666666666666,
      0.0009333333333333333,
      0.0005944444444444444,
      0.0002555555555555556,
      0.00015,
      7.222222222222222e-05,
      2.777777777777778e-05,
      1.6666666666666667e-05,
      0.0,
      0.0,
      0.0,
      0.0,
      0.0,
      0.0,
      0.0,
      0.0,
      0.0,
      0.0,
      0.0,
      0.0,
      0.0,
      0.0,
      0.0
    ],
    "bin_edges": [
      0.5,
      1.5,
      2.5,
      3.5,
      4.5,
      5.5,
      6.5,
      7.5,
      8.5,
      9.5,
      10.5,
      11.5,
      12.5,
      13.5,
      14.5,
      15.5,
      16.5,
      17.5,
      18.5,
      19.5,
      20.5,
      21.5,
      22.5,
      23.5,
      24.5,
      25.5,
      26.5,
      27.5,
      28.5,
      29.5,
      30.5,
      31.5,
      32.5,
      33.5,
      34.5,
      35.5,
      36.5,
      37.5,
      38.5,
      39.5,
      40.5,
      41.5,
      42.5,
      43.5,
      44.5,
      45.5,
      46.5,
      47.5,
      48.5,
      49.5,
      50.5,
      51.5,
      52.5,
      53.5,
      54.5,
      55.5,
      56.5,
      57.5,
      58.5,
      59.5,
      60.5,
      61.5,
      62.5,
      63.5,
      64.5,
      65.5,
      66.5,
      67.5,
      68.5,
      69.5,
      70.5,
      71.5,
      72.5,
      73.5,
      74.5,
      75.5,
      76.5,
      77.5,
      78.5,
      79.5,
      80.5,
      81.5,
      82.5,
      83.5,
      84.5,
      85.5,
      86.5,
      87.5,
      88.5,
      89.5,
      90.5,
      91.5,
      92.5,
      93.5,
      94.5,
      95.5,
      96.5,
      97.5,
      98.5,
      99.5,
      100.5,
      101.5,
      102.5,
      103.5,
      104.5,
      105.5,
      106.5,
      107.5,
      108.5,
      109.5,
      110.5,
      111.5,
      112.5,
      113.5,
      114.5,
      115.5,
      116.5,
      117.5,
      118.5,
      119.5,
      120.5,
      121.5,
      122.5,
      123.5,
      124.5,
      125.5,
      126.5,
      127.5
    ],
    "hist_counts": [
      0,
      0,
      0,
      0,
      0,
      0,
      0,
      0,
      0,
      0,
      0,
      0,
      0,
      0,
      1,
      0,
      0,
      0,
      0,
      0,
      1,
      0,
      0,
      0,
      0,
      0,
      1,
      3,
      3,
      3,
      6,
      1,
      3,
      2,
      8,
      12,
      4,
      15,
      14,
      12,
      22,
      19,
      27,
      20,
      35,
      35,
      46,
      48,
      59,
      73,
      84,
      120,
      124,
      145,
      162,
      230,
      268,
      270,
      322,
      403,
      499,
      568,
      624,
      720,
      846,
      988,
      1136,
      1321,
      1482,
      1735,
      1952,
      2175,
      2454,
      2800,
      3083,
      3489,
      3918,
      4277,
      4699,
      5283,
      5803,
      6270,
      6734,
      7372,
      7614,
      8150,
      8408,
      8427,
      8700,
      8447,
      8178,
      7840,
      7256,
      6857,
      5772,
      5064,
      4143,
      3323,
      2612,
      2063,
      1500,
      1010,
      714,
      451,
      273,
      168,
      107,
      46,
      27,
      13,
      5,
      3,
      0,
      0,
      0,
      0,
      0,
      0,
      0,
      0,
      0,
      0,
      0,
      0,
      0,
      0,
      0
    ]
  },
  "cum_mse": {
    "0": 0.0,
    "1": 0.0,
    "2": 0.0,
    "3": 0.0,
    "4": 0.0,
    "5": 0.0,
    "6": 0.0
  },
  "weight_mse": {
    "0": 0.0,
    "1": 0.0,
    "2": 0.0,
    "3": 0.0,
    "4": 0.0,
    "5": 0.0,
    "6": 0.0
  }
}