{
  "L": 25,
  "weight_hist": {
    "hist_vals": [
      0.0,
      0.0,
      1.1111111111111112e-05,
      0.0,
      1.1111111111111112e-05,
      2.2222222222222223e-05,
      2.2222222222222223e-05,
      5.555555555555556e-06,
      5.555555555555556e-05,
      4.4444444444444447e-05,
      5e-05,
      7.222222222222222e-05,
      6.111111111111111e-05,
      0.00010555555555555555,
      0.00010555555555555555,
      0.00017777777777777779,
      0.00015,
      0.0003277777777777778,
      0.0003111111111111111,
      0.00029444444444444445,
      0.0004277777777777778,
      0.0004333333333333333,
      0.00055,
      0.0007166666666666667,
      0.0007222222222222222,
      0.0009944444444444445,
      0.0009833333333333332,
      0.001238888888888889,
      0.0013944444444444445,
      0.0017777777777777779,
      0.0018388888888888888,
      0.00215,
      0.0026666666666666666,
      0.0032722222222222224,
      0.003533333333333333,
      0.0036777777777777776,
      0.004488888888888889,
      0.004894444444444444,
      0.005438888888888889,
      0.005944444444444444,
      0.006866666666666667,
      0.007538888888888889,
      0.008627777777777778,
      0.009455555555555556,
      0.010477777777777779,
      0.010983333333333333,
      0.01211111111111111,
      0.013288888888888888,
      0.01423888888888889,
      0.01556111111111111,
      0.01682777777777778,
      0.017816666666666668,
      0.018944444444444444,
      0.0208,
      0.02227222222222222,
      0.02262222222222222,
      0.024372222222222222,
      0.024494444444444444,
      0.02662222222222222,
      0.027422222222222223,
      0.027855555555555557,
      0.028805555555555556,
      0.028755555555555555,
      0.029533333333333335,
      0.029966666666666666,
      0.029594444444444444,
      0.028994444444444444,
      0.030683333333333333,
      0.029133333333333334,
      0.029,
      0.028333333333333332,
      0.0273,
      0.025977777777777777,
      0.025333333333333333,
      0.023822222222222224,
      0.02236111111111111,
      0.020972222222222222,
      0.019544444444444444,
      0.01817222222222222,
      0.016394444444444444,
      0.015177777777777778,
      0.013538888888888889,
      0.011922222222222223,
      0.009955555555555556,
      0.008955555555555555,
      0.007672222222222223,
      0.006827777777777778,
      0.005416666666666667,
      0.0044444444444444444,
      0.003738888888888889,
      0.0030388888888888887,
      0.002311111111111111,
      0.0018277777777777778,
      0.001261111111111111,
      0.0009444444444444445,
      0.0006833333333333333,
      0.0004888888888888889,
      0.0003388888888888889,
      0.00023333333333333333,
      0.00015,
      0.00010555555555555555,
      5e-05,
      2.2222222222222223e-05,
      2.777777777777778e-05,
      1.1111111111111112e-05,
      0.0,
      5.555555555555556e-06,
      0.0,
      0.0,
      0.0,
      0.0,
      0.0,
      0.0,
      0.0,
      0.0,
      0.0,
      0.0,
      0.0,
      0.0,
      0.0,
      0.0,
      0.0,
      0.0,
      0.0,
      0.0,
      0.0,
      0.0
    ],
    "bin_edges": [
      0.5,
      1.5,
      2.5,
      3.5,
      4.5,
      5.5,
      6.5,
      7.5,
      8.5,
      9.5,
      10.5,
      11.5,
      12.5,
      13.5,
      14.5,
      15.5,
      16.5,
      17.5,
      18.5,
      19.5,
      20.5,
      21.5,
      22.5,
      23.5,
      24.5,
      25.5,
      26.5,
      27.5,
      28.5,
      29.5,
      30.5,
      31.5,
      32.5,
      33.5,
      34.5,
      35.5,
      36.5,
      37.5,
      38.5,
      39.5,
      40.5,
      41.5,
      42.5,
      43.5,
      44.5,
      45.5,
      46.5,
      47.5,
      48.5,
      49.5,
      50.5,
      51.5,
      52.5,
      53.5,
      54.5,
      55.5,
      56.5,
      57.5,
      58.5,
      59.5,
      60.5,
      61.5,
      62.5,
      63.5,
      64.5,
      65.5,
      66.5,
      67.5,
      68.5,
      69.5,
      70.5,
      71.5,
      72.5,
      73.5,
      74.5,
      75.5,
      76.5,
      77.5,
      78.5,
      79.5,
      80.5,
      81.5,
      82.5,
      83.5,
      84.5,
      85.5,
      86.5,
      87.5,
      88.5,
      89.5,
      90.5,
      91.5,
      92.5,
      93.5,
      94.5,
      95.5,
      96.5,
      97.5,
      98.5,
      99.5,
      100.5,
      101.5,
      102.5,
      103.5,
      104.5,
      105.5,
      106.5,
      107.5,
      108.5,
      109.5,
      110.5,
      111.5,
      112.5,
      113.5,
      114.5,
      115.5,
      116.5,
      117.5,
      118.5,
      119.5,
      120.5,
      121.5,
      122.5,
      123.5,
      124.5,
      125.5,
      126.5,
      127.5
    ],
    "hist_counts": [
      0,
      0,
      2,
      0,
      2,
      4,
      4,
      1,
      10,
      8,
      9,
      13,
      11,
      19,
      19,
      32,
      27,
      59,
      56,
      53,
      77,
      78,
      99,
      129,
      130,
      179,
      177,
      223,
      251,
      320,
      331,
      387,
      480,
      589,
      636,
      662,
      808,
      881,
      979,
      1070,
      1236,
      1357,
      1553,
      1702,
      1886,
      1977,
      2180,
      2392,
      2563,
      2801,
      3029,
      3207,
      3410,
      3744,
      4009,
      4072,
      4387,
      4409,
      4792,
      4936,
      5014,
      5185,
      5176,
      5316,
      5394,
      5327,
      5219,
      5523,
      5244,
      5220,
      5100,
      4914,
      4676,
      4560,
      4288,
      4025,
      3775,
      3518,
      3271,
      2951,
      2732,
      2437,
      2146,
      1792,
      1612,
      1381,
      1229,
      975,
      800,
      673,
      547,
      416,
      329,
      227,
      170,
      123,
      88,
      61,
      42,
      27,
      19,
      9,
      4,
      5,
      2,
      0,
      1,
      0,
      0,
      0,
      0,
      0,
      0,
      0,
      0,
      0,
      0,
      0,
      0,
      0,
      0,
      0,
      0,
      0,
      0,
      0,
      0
    ]
  },
  "cum_mse": {
    "0": 0.0,
    "1": 0.0,
    "2": 0.0,
    "3": 0.0,
    "4": 0.0,
    "5": 0.0,
    "6": 0.0
  },
  "weight_mse": {
    "0": 0.0,
    "1": 0.0,
    "2": 0.0,
    "3": 0.0,
    "4": 0.0,
    "5": 0.0,
    "6": 0.0
  }
}