{
  "L": 40,
  "weight_hist": {
    "hist_vals": [
      0.0,
      0.0,
      0.0,
      0.0,
      0.0,
      0.0,
      0.0,
      0.0,
      0.0,
      0.0,
      0.0,
      0.0,
      0.0,
      0.0,
      0.0,
      0.0,
      0.0,
      0.0,
      0.0,
      0.0,
      0.0,
      0.0,
      0.0,
      0.0,
      0.0,
      0.0,
      0.0,
      5.555555555555556e-06,
      0.0,
      0.0,
      0.0,
      0.0,
      5.555555555555556e-06,
      0.0,
      5.555555555555556e-06,
      1.1111111111111112e-05,
      0.0,
      0.0,
      1.1111111111111112e-05,
      5.555555555555556e-06,
      0.0,
      2.2222222222222223e-05,
      1.6666666666666667e-05,
      2.777777777777778e-05,
      2.2222222222222223e-05,
      5.555555555555556e-06,
      2.777777777777778e-05,
      3.3333333333333335e-05,
      3.888888888888889e-05,
      4.4444444444444447e-05,
      7.777777777777778e-05,
      5e-05,
      8.333333333333333e-05,
      8.888888888888889e-05,
      0.00011111111111111112,
      0.00013333333333333334,
      0.00013333333333333334,
      0.00024444444444444443,
      0.00021666666666666666,
      0.0002722222222222222,
      0.00038888888888888887,
      0.0004888888888888889,
      0.0006944444444444445,
      0.0007444444444444445,
      0.0008722222222222223,
      0.0009722222222222222,
      0.001288888888888889,
      0.0015166666666666666,
      0.0018388888888888888,
      0.002427777777777778,
      0.0028333333333333335,
      0.003077777777777778,
      0.004138888888888889,
      0.004522222222222223,
      0.0062833333333333335,
      0.007144444444444445,
      0.008494444444444445,
      0.009794444444444444,
      0.012588888888888889,
      0.01453888888888889,
      0.017511111111111113,
      0.02097777777777778,
      0.025127777777777777,
      0.028916666666666667,
      0.03421111111111111,
      0.03891666666666667,
      0.04335,
      0.05016111111111111,
      0.052844444444444444,
      0.05817777777777778,
      0.05951666666666667,
      0.06232222222222222,
      0.06177222222222222,
      0.059144444444444444,
      0.055711111111111114,
      0.05053333333333333,
      0.0446,
      0.03799444444444444,
      0.030655555555555554,
      0.024755555555555555,
      0.018966666666666666,
      0.013333333333333334,
      0.009294444444444444,
      0.006022222222222222,
      0.0037722222222222224,
      0.0023833333333333332,
      0.0012333333333333332,
      0.0007333333333333333,
      0.0004,
      0.00018888888888888888,
      8.333333333333333e-05,
      2.2222222222222223e-05,
      1.1111111111111112e-05,
      5.555555555555556e-06,
      5.555555555555556e-06,
      0.0,
      0.0,
      0.0,
      0.0,
      0.0,
      0.0,
      0.0,
      0.0,
      0.0,
      0.0,
      0.0,
      0.0
    ],
    "bin_edges": [
      0.5,
      1.5,
      2.5,
      3.5,
      4.5,
      5.5,
      6.5,
      7.5,
      8.5,
      9.5,
      10.5,
      11.5,
      12.5,
      13.5,
      14.5,
      15.5,
      16.5,
      17.5,
      18.5,
      19.5,
      20.5,
      21.5,
      22.5,
      23.5,
      24.5,
      25.5,
      26.5,
      27.5,
      28.5,
      29.5,
      30.5,
      31.5,
      32.5,
      33.5,
      34.5,
      35.5,
      36.5,
      37.5,
      38.5,
      39.5,
      40.5,
      41.5,
      42.5,
      43.5,
      44.5,
      45.5,
      46.5,
      47.5,
      48.5,
      49.5,
      50.5,
      51.5,
      52.5,
      53.5,
      54.5,
      55.5,
      56.5,
      57.5,
      58.5,
      59.5,
      60.5,
      61.5,
      62.5,
      63.5,
      64.5,
      65.5,
      66.5,
      67.5,
      68.5,
      69.5,
      70.5,
      71.5,
      72.5,
      73.5,
      74.5,
      75.5,
      76.5,
      77.5,
      78.5,
      79.5,
      80.5,
      81.5,
      82.5,
      83.5,
      84.5,
      85.5,
      86.5,
      87.5,
      88.5,
      89.5,
      90.5,
      91.5,
      92.5,
      93.5,
      94.5,
      95.5,
      96.5,
      97.5,
      98.5,
      99.5,
      100.5,
      101.5,
      102.5,
      103.5,
      104.5,
      105.5,
      106.5,
      107.5,
      108.5,
      109.5,
      110.5,
      111.5,
      112.5,
      113.5,
      114.5,
      115.5,
      116.5,
      117.5,
      118.5,
      119.5,
      120.5,
      121.5,
      122.5,
      123.5,
      124.5,
      125.5,
      126.5,
      127.5
    ],
    "hist_counts": [
      0,
      0,
      0,
      0,
      0,
      0,
      0,
      0,
      0,
      0,
      0,
      0,
      0,
      0,
      0,
      0,
      0,
      0,
      0,
      0,
      0,
      0,
      0,
      0,
      0,
      0,
      0,
      1,
      0,
      0,
      0,
      0,
      1,
      0,
      1,
      2,
      0,
      0,
      2,
      1,
      0,
      4,
      3,
      5,
      4,
      1,
      5,
      6,
      7,
      8,
      14,
      9,
      15,
      16,
      20,
      24,
      24,
      44,
      39,
      49,
      70,
      88,
      125,
      134,
      157,
      175,
      232,
      273,
      331,
      437,
      510,
      554,
      745,
      814,
      1131,
      1286,
      1529,
      1763,
      2266,
      2617,
      3152,
      3776,
      4523,
      5205,
      6158,
      7005,
      7803,
      9029,
      9512,
      10472,
      10713,
      11218,
      11119,
      10646,
      10028,
      9096,
      8028,
      6839,
      5518,
      4456,
      3414,
      2400,
      1673,
      1084,
      679,
      429,
      222,
      132,
      72,
      34,
      15,
      4,
      2,
      1,
      1,
      0,
      0,
      0,
      0,
      0,
      0,
      0,
      0,
      0,
      0,
      0,
      0
    ]
  },
  "cum_mse": {
    "0": 0.0,
    "1": 0.0,
    "2": 0.0,
    "3": 0.0,
    "4": 0.0,
    "5": 0.0,
    "6": 0.0
  },
  "weight_mse": {
    "0": 0.0,
    "1": 0.0,
    "2": 0.0,
    "3": 0.0,
    "4": 0.0,
    "5": 0.0,
    "6": 0.0
  }
}