{
  "L": 15,
  "weight_hist": {
    "hist_vals": [
      0.0,
      0.0,
      0.0,
      2e-06,
      4e-06,
      8e-06,
      1e-05,
      1.8e-05,
      8e-06,
      1.2e-05,
      2.8e-05,
      3e-05,
      2.4e-05,
      4.4e-05,
      5e-05,
      6e-05,
      7.8e-05,
      5.8e-05,
      7e-05,
      0.000124,
      0.000156,
      0.000138,
      0.000206,
      0.00022,
      0.000266,
      0.000304,
      0.000336,
      0.000412,
      0.000494,
      0.000486,
      0.00056,
      0.000708,
      0.000792,
      0.000896,
      0.00102,
      0.001152,
      0.001402,
      0.001594,
      0.001868,
      0.002138,
      0.002266,
      0.002696,
      0.003066,
      0.003366,
      0.003944,
      0.004196,
      0.005084,
      0.005598,
      0.006272,
      0.00712,
      0.007788,
      0.008854,
      0.009994,
      0.011072,
      0.012186,
      0.0137,
      0.01467,
      0.0159,
      0.017568,
      0.019396,
      0.020456,
      0.021718,
      0.023428,
      0.025288,
      0.026654,
      0.02798,
      0.028956,
      0.030554,
      0.031936,
      0.032496,
      0.03345,
      0.033892,
      0.034088,
      0.034564,
      0.033902,
      0.033736,
      0.032596,
      0.031562,
      0.030558,
      0.028866,
      0.027234,
      0.025488,
      0.0232,
      0.021672,
      0.018958,
      0.01688,
      0.014982,
      0.012818,
      0.010758,
      0.009154,
      0.007644,
      0.00612,
      0.00479,
      0.003544,
      0.002878,
      0.002074,
      0.001498,
      0.001086,
      0.000772,
      0.000476,
      0.000296,
      0.000202,
      0.000114,
      7.6e-05,
      4.6e-05,
      2.6e-05,
      6e-06,
      1e-05,
      6e-06,
      0.0,
      0.0,
      0.0,
      0.0,
      0.0,
      0.0,
      0.0,
      0.0,
      0.0,
      0.0,
      0.0,
      0.0,
      0.0,
      0.0,
      0.0,
      0.0,
      0.0,
      0.0
    ],
    "bin_edges": [
      -0.5,
      0.5,
      1.5,
      2.5,
      3.5,
      4.5,
      5.5,
      6.5,
      7.5,
      8.5,
      9.5,
      10.5,
      11.5,
      12.5,
      13.5,
      14.5,
      15.5,
      16.5,
      17.5,
      18.5,
      19.5,
      20.5,
      21.5,
      22.5,
      23.5,
      24.5,
      25.5,
      26.5,
      27.5,
      28.5,
      29.5,
      30.5,
      31.5,
      32.5,
      33.5,
      34.5,
      35.5,
      36.5,
      37.5,
      38.5,
      39.5,
      40.5,
      41.5,
      42.5,
      43.5,
      44.5,
      45.5,
      46.5,
      47.5,
      48.5,
      49.5,
      50.5,
      51.5,
      52.5,
      53.5,
      54.5,
      55.5,
      56.5,
      57.5,
      58.5,
      59.5,
      60.5,
      61.5,
      62.5,
      63.5,
      64.5,
      65.5,
      66.5,
      67.5,
      68.5,
      69.5,
      70.5,
      71.5,
      72.5,
      73.5,
      74.5,
      75.5,
      76.5,
      77.5,
      78.5,
      79.5,
      80.5,
      81.5,
      82.5,
      83.5,
      84.5,
      85.5,
      86.5,
      87.5,
      88.5,
      89.5,
      90.5,
      91.5,
      92.5,
      93.5,
      94.5,
      95.5,
      96.5,
      97.5,
      98.5,
      99.5,
      100.5,
      101.5,
      102.5,
      103.5,
      104.5,
      105.5,
      106.5,
      107.5,
      108.5,
      109.5,
      110.5,
      111.5,
      112.5,
      113.5,
      114.5,
      115.5,
      116.5,
      117.5,
      118.5,
      119.5,
      120.5,
      121.5,
      122.5,
      123.5,
      124.5,
      125.5,
      126.5
    ],
    "hist_counts": [
      0,
      0,
      0,
      1,
      2,
      4,
      5,
      9,
      4,
      6,
      14,
      15,
      12,
      22,
      25,
      30,
      39,
      29,
      35,
      62,
      78,
      69,
      103,
      110,
      133,
      152,
      168,
      206,
      247,
      243,
      280,
      354,
      396,
      448,
      510,
      576,
      701,
      797,
      934,
      1069,
      1133,
      1348,
      1533,
      1683,
      1972,
      2098,
      2542,
      2799,
      3136,
      3560,
      3894,
      4427,
      4997,
      5536,
      6093,
      6850,
      7335,
      7950,
      8784,
      9698,
      10228,
      10859,
      11714,
      12644,
      13327,
      13990,
      14478,
      15277,
      15968,
      16248,
      16725,
      16946,
      17044,
      17282,
      16951,
      16868,
      16298,
      15781,
      15279,
      14433,
      13617,
      12744,
      11600,
      10836,
      9479,
      8440,
      7491,
      6409,
      5379,
      4577,
      3822,
      3060,
      2395,
      1772,
      1439,
      1037,
      749,
      543,
      386,
      238,
      148,
      101,
      57,
      38,
      23,
      13,
      3,
      5,
      3,
      0,
      0,
      0,
      0,
      0,
      0,
      0,
      0,
      0,
      0,
      0,
      0,
      0,
      0,
      0,
      0,
      0,
      0
    ]
  },
  "MSE": {
    "0": 0.0,
    "1": 0.0,
    "2": 0.0,
    "3": 0.0,
    "4": 0.0,
    "5": 0.0,
    "6": 0.0
  }
}