{
  "L": 10,
  "weight_hist": {
    "hist_vals": [
      0.0,
      0.00011714285714285714,
      0.0,
      0.00018476190476190478,
      0.0002619047619047619,
      0.0003733333333333333,
      0.0004580952380952381,
      0.0008447619047619048,
      0.0007152380952380953,
      0.0011476190476190477,
      0.0016247619047619047,
      0.001780952380952381,
      0.001879047619047619,
      0.002462857142857143,
      0.002763809523809524,
      0.0032866666666666665,
      0.0038314285714285716,
      0.004565714285714286,
      0.005253333333333333,
      0.0061247619047619046,
      0.007255238095238095,
      0.008271428571428572,
      0.009437142857142857,
      0.010924761904761904,
      0.012261904761904762,
      0.013831428571428571,
      0.015777142857142858,
      0.01749809523809524,
      0.019472380952380953,
      0.021226666666666668,
      0.02354190476190476,
      0.025207619047619048,
      0.027154285714285714,
      0.028956190476190476,
      0.030836190476190475,
      0.03271428571428572,
      0.03434952380952381,
      0.03533619047619048,
      0.03673619047619048,
      0.03762857142857143,
      0.037622857142857145,
      0.03797904761904762,
      0.03774,
      0.03721142857142857,
      0.03620095238095238,
      0.03501523809523809,
      0.033345714285714284,
      0.03162285714285714,
      0.029774285714285715,
      0.02767714285714286,
      0.025102857142857142,
      0.022844761904761906,
      0.02032952380952381,
      0.01798857142857143,
      0.015548571428571429,
      0.013386666666666667,
      0.011623809523809524,
      0.00952,
      0.007886666666666667,
      0.006334285714285714,
      0.004935238095238095,
      0.004079047619047619,
      0.0029723809523809525,
      0.002218095238095238,
      0.0016152380952380951,
      0.0011714285714285715,
      0.0007857142857142857,
      0.0005742857142857142,
      0.0003238095238095238,
      0.00021047619047619048,
      0.00012095238095238096,
      7.047619047619048e-05,
      4.190476190476191e-05,
      2e-05,
      7.619047619047619e-06,
      2.8571428571428573e-06,
      9.523809523809523e-07,
      0.0,
      9.523809523809523e-07,
      0.0,
      0.0,
      0.0,
      0.0,
      0.0,
      0.0,
      0.0,
      0.0,
      0.0,
      0.0,
      0.0,
      0.0,
      0.0,
      0.0,
      0.0,
      0.0,
      0.0,
      0.0,
      0.0,
      0.0,
      0.0,
      0.0,
      0.0,
      0.0,
      0.0,
      0.0,
      0.0,
      0.0,
      0.0,
      0.0,
      0.0,
      0.0,
      0.0,
      0.0,
      0.0,
      0.0,
      0.0,
      0.0,
      0.0,
      0.0,
      0.0,
      0.0,
      0.0,
      0.0,
      0.0,
      0.0,
      0.0,
      0.0
    ],
    "bin_edges": [
      -0.5,
      0.5,
      1.5,
      2.5,
      3.5,
      4.5,
      5.5,
      6.5,
      7.5,
      8.5,
      9.5,
      10.5,
      11.5,
      12.5,
      13.5,
      14.5,
      15.5,
      16.5,
      17.5,
      18.5,
      19.5,
      20.5,
      21.5,
      22.5,
      23.5,
      24.5,
      25.5,
      26.5,
      27.5,
      28.5,
      29.5,
      30.5,
      31.5,
      32.5,
      33.5,
      34.5,
      35.5,
      36.5,
      37.5,
      38.5,
      39.5,
      40.5,
      41.5,
      42.5,
      43.5,
      44.5,
      45.5,
      46.5,
      47.5,
      48.5,
      49.5,
      50.5,
      51.5,
      52.5,
      53.5,
      54.5,
      55.5,
      56.5,
      57.5,
      58.5,
      59.5,
      60.5,
      61.5,
      62.5,
      63.5,
      64.5,
      65.5,
      66.5,
      67.5,
      68.5,
      69.5,
      70.5,
      71.5,
      72.5,
      73.5,
      74.5,
      75.5,
      76.5,
      77.5,
      78.5,
      79.5,
      80.5,
      81.5,
      82.5,
      83.5,
      84.5,
      85.5,
      86.5,
      87.5,
      88.5,
      89.5,
      90.5,
      91.5,
      92.5,
      93.5,
      94.5,
      95.5,
      96.5,
      97.5,
      98.5,
      99.5,
      100.5,
      101.5,
      102.5,
      103.5,
      104.5,
      105.5,
      106.5,
      107.5,
      108.5,
      109.5,
      110.5,
      111.5,
      112.5,
      113.5,
      114.5,
      115.5,
      116.5,
      117.5,
      118.5,
      119.5,
      120.5,
      121.5,
      122.5,
      123.5,
      124.5,
      125.5,
      126.5
    ],
    "hist_counts": [
      0,
      123,
      0,
      194,
      275,
      392,
      481,
      887,
      751,
      1205,
      1706,
      1870,
      1973,
      2586,
      2902,
      3451,
      4023,
      4794,
      5516,
      6431,
      7618,
      8685,
      9909,
      11471,
      12875,
      14523,
      16566,
      18373,
      20446,
      22288,
      24719,
      26468,
      28512,
      30404,
      32378,
      34350,
      36067,
      37103,
      38573,
      39510,
      39504,
      39878,
      39627,
      39072,
      38011,
      36766,
      35013,
      33204,
      31263,
      29061,
      26358,
      23987,
      21346,
      18888,
      16326,
      14056,
      12205,
      9996,
      8281,
      6651,
      5182,
      4283,
      3121,
      2329,
      1696,
      1230,
      825,
      603,
      340,
      221,
      127,
      74,
      44,
      21,
      8,
      3,
      1,
      0,
      1,
      0,
      0,
      0,
      0,
      0,
      0,
      0,
      0,
      0,
      0,
      0,
      0,
      0,
      0,
      0,
      0,
      0,
      0,
      0,
      0,
      0,
      0,
      0,
      0,
      0,
      0,
      0,
      0,
      0,
      0,
      0,
      0,
      0,
      0,
      0,
      0,
      0,
      0,
      0,
      0,
      0,
      0,
      0,
      0,
      0,
      0,
      0,
      0
    ]
  },
  "MSE": {
    "0": 8.952380952380952e-05,
    "1": 8.857142857142857e-05,
    "2": 8.857142857142857e-05,
    "3": 8.857142857142857e-05,
    "4": 7.904761904761905e-05,
    "5": 5.238095238095238e-05,
    "6": 4.476190476190476e-05
  }
}