{
  "L": 20,
  "weight_hist": {
    "hist_vals": [
      0.0,
      0.0,
      0.0,
      0.0,
      0.0,
      0.0,
      0.0,
      0.0,
      0.0,
      0.0,
      5e-06,
      0.0,
      0.0,
      0.0,
      5e-06,
      0.0,
      0.0,
      1e-05,
      0.0,
      5e-06,
      5e-06,
      0.0,
      5e-06,
      5e-06,
      1e-05,
      1e-05,
      2e-05,
      1.5e-05,
      1e-05,
      1e-05,
      2.5e-05,
      3.5e-05,
      3e-05,
      5.5e-05,
      4.5e-05,
      5.5e-05,
      5e-05,
      7e-05,
      9.5e-05,
      7.5e-05,
      0.00011,
      8.5e-05,
      0.000175,
      0.000125,
      0.00017,
      0.00024,
      0.000285,
      0.000275,
      0.00027,
      0.00037,
      0.00039,
      0.00047,
      0.000705,
      0.000665,
      0.000675,
      0.000955,
      0.00106,
      0.00129,
      0.001475,
      0.001665,
      0.00177,
      0.002135,
      0.002475,
      0.003155,
      0.00377,
      0.004605,
      0.004975,
      0.00584,
      0.006415,
      0.007565,
      0.008465,
      0.01007,
      0.01134,
      0.01316,
      0.01491,
      0.01709,
      0.01859,
      0.02089,
      0.02351,
      0.02588,
      0.028615,
      0.032245,
      0.034515,
      0.03813,
      0.03993,
      0.04363,
      0.045005,
      0.046385,
      0.047415,
      0.048035,
      0.047765,
      0.046955,
      0.04449,
      0.04053,
      0.037795,
      0.033915,
      0.02833,
      0.02446,
      0.020175,
      0.015495,
      0.01206,
      0.008745,
      0.00595,
      0.004125,
      0.002835,
      0.001645,
      0.00104,
      0.000515,
      0.00027,
      0.000185,
      5.5e-05,
      1.5e-05,
      1e-05,
      1.5e-05,
      0.0,
      5e-06,
      0.0,
      0.0,
      0.0,
      0.0,
      0.0,
      0.0,
      0.0,
      0.0,
      0.0,
      0.0,
      0.0
    ],
    "bin_edges": [
      -0.5,
      0.5,
      1.5,
      2.5,
      3.5,
      4.5,
      5.5,
      6.5,
      7.5,
      8.5,
      9.5,
      10.5,
      11.5,
      12.5,
      13.5,
      14.5,
      15.5,
      16.5,
      17.5,
      18.5,
      19.5,
      20.5,
      21.5,
      22.5,
      23.5,
      24.5,
      25.5,
      26.5,
      27.5,
      28.5,
      29.5,
      30.5,
      31.5,
      32.5,
      33.5,
      34.5,
      35.5,
      36.5,
      37.5,
      38.5,
      39.5,
      40.5,
      41.5,
      42.5,
      43.5,
      44.5,
      45.5,
      46.5,
      47.5,
      48.5,
      49.5,
      50.5,
      51.5,
      52.5,
      53.5,
      54.5,
      55.5,
      56.5,
      57.5,
      58.5,
      59.5,
      60.5,
      61.5,
      62.5,
      63.5,
      64.5,
      65.5,
      66.5,
      67.5,
      68.5,
      69.5,
      70.5,
      71.5,
      72.5,
      73.5,
      74.5,
      75.5,
      76.5,
      77.5,
      78.5,
      79.5,
      80.5,
      81.5,
      82.5,
      83.5,
      84.5,
      85.5,
      86.5,
      87.5,
      88.5,
      89.5,
      90.5,
      91.5,
      92.5,
      93.5,
      94.5,
      95.5,
      96.5,
      97.5,
      98.5,
      99.5,
      100.5,
      101.5,
      102.5,
      103.5,
      104.5,
      105.5,
      106.5,
      107.5,
      108.5,
      109.5,
      110.5,
      111.5,
      112.5,
      113.5,
      114.5,
      115.5,
      116.5,
      117.5,
      118.5,
      119.5,
      120.5,
      121.5,
      122.5,
      123.5,
      124.5,
      125.5,
      126.5
    ],
    "hist_counts": [
      0,
      0,
      0,
      0,
      0,
      0,
      0,
      0,
      0,
      0,
      1,
      0,
      0,
      0,
      1,
      0,
      0,
      2,
      0,
      1,
      1,
      0,
      1,
      1,
      2,
      2,
      4,
      3,
      2,
      2,
      5,
      7,
      6,
      11,
      9,
      11,
      10,
      14,
      19,
      15,
      22,
      17,
      35,
      25,
      34,
      48,
      57,
      55,
      54,
      74,
      78,
      94,
      141,
      133,
      135,
      191,
      212,
      258,
      295,
      333,
      354,
      427,
      495,
      631,
      754,
      921,
      995,
      1168,
      1283,
      1513,
      1693,
      2014,
      2268,
      2632,
      2982,
      3418,
      3718,
      4178,
      4702,
      5176,
      5723,
      6449,
      6903,
      7626,
      7986,
      8726,
      9001,
      9277,
      9483,
      9607,
      9553,
      9391,
      8898,
      8106,
      7559,
      6783,
      5666,
      4892,
      4035,
      3099,
      2412,
      1749,
      1190,
      825,
      567,
      329,
      208,
      103,
      54,
      37,
      11,
      3,
      2,
      3,
      0,
      1,
      0,
      0,
      0,
      0,
      0,
      0,
      0,
      0,
      0,
      0,
      0
    ]
  },
  "MSE": {
    "0": 0.0,
    "1": 0.0,
    "2": 0.0,
    "3": 0.0,
    "4": 0.0,
    "5": 0.0,
    "6": 0.0
  }
}