{
  "L": 15,
  "weight_hist": {
    "hist_vals": [
      0.0,
      5e-06,
      0.0,
      1e-05,
      5e-06,
      0.0,
      3e-05,
      5e-05,
      2.5e-05,
      6e-05,
      3.5e-05,
      4.5e-05,
      8e-05,
      0.0001,
      0.000105,
      0.000135,
      0.000185,
      0.00021,
      0.0002,
      0.00027,
      0.00025,
      0.00032,
      0.00041,
      0.000405,
      0.000565,
      0.00067,
      0.00066,
      0.0008,
      0.000885,
      0.00099,
      0.001195,
      0.00158,
      0.001825,
      0.00212,
      0.0024,
      0.002585,
      0.002955,
      0.003295,
      0.00419,
      0.00409,
      0.005095,
      0.00551,
      0.006225,
      0.007215,
      0.00775,
      0.009065,
      0.010035,
      0.01069,
      0.012105,
      0.01327,
      0.014555,
      0.016225,
      0.017345,
      0.01819,
      0.020415,
      0.0215,
      0.023055,
      0.024145,
      0.02579,
      0.02782,
      0.02888,
      0.029695,
      0.03104,
      0.0321,
      0.03268,
      0.03268,
      0.033115,
      0.0332,
      0.032995,
      0.03293,
      0.03185,
      0.030915,
      0.030385,
      0.028825,
      0.02631,
      0.025185,
      0.02386,
      0.02152,
      0.02009,
      0.018385,
      0.015995,
      0.01401,
      0.011955,
      0.010205,
      0.00901,
      0.00713,
      0.00585,
      0.005055,
      0.00379,
      0.002815,
      0.00219,
      0.00172,
      0.001205,
      0.00097,
      0.000545,
      0.00039,
      0.000305,
      0.00016,
      0.00012,
      7.5e-05,
      5e-05,
      3e-05,
      2.5e-05,
      0.0,
      1.5e-05,
      0.0,
      5e-06,
      0.0,
      0.0,
      0.0,
      0.0,
      0.0,
      0.0,
      0.0,
      0.0,
      0.0,
      0.0,
      0.0,
      0.0,
      0.0,
      0.0,
      0.0,
      0.0,
      0.0,
      0.0,
      0.0,
      0.0
    ],
    "bin_edges": [
      -0.5,
      0.5,
      1.5,
      2.5,
      3.5,
      4.5,
      5.5,
      6.5,
      7.5,
      8.5,
      9.5,
      10.5,
      11.5,
      12.5,
      13.5,
      14.5,
      15.5,
      16.5,
      17.5,
      18.5,
      19.5,
      20.5,
      21.5,
      22.5,
      23.5,
      24.5,
      25.5,
      26.5,
      27.5,
      28.5,
      29.5,
      30.5,
      31.5,
      32.5,
      33.5,
      34.5,
      35.5,
      36.5,
      37.5,
      38.5,
      39.5,
      40.5,
      41.5,
      42.5,
      43.5,
      44.5,
      45.5,
      46.5,
      47.5,
      48.5,
      49.5,
      50.5,
      51.5,
      52.5,
      53.5,
      54.5,
      55.5,
      56.5,
      57.5,
      58.5,
      59.5,
      60.5,
      61.5,
      62.5,
      63.5,
      64.5,
      65.5,
      66.5,
      67.5,
      68.5,
      69.5,
      70.5,
      71.5,
      72.5,
      73.5,
      74.5,
      75.5,
      76.5,
      77.5,
      78.5,
      79.5,
      80.5,
      81.5,
      82.5,
      83.5,
      84.5,
      85.5,
      86.5,
      87.5,
      88.5,
      89.5,
      90.5,
      91.5,
      92.5,
      93.5,
      94.5,
      95.5,
      96.5,
      97.5,
      98.5,
      99.5,
      100.5,
      101.5,
      102.5,
      103.5,
      104.5,
      105.5,
      106.5,
      107.5,
      108.5,
      109.5,
      110.5,
      111.5,
      112.5,
      113.5,
      114.5,
      115.5,
      116.5,
      117.5,
      118.5,
      119.5,
      120.5,
      121.5,
      122.5,
      123.5,
      124.5,
      125.5,
      126.5
    ],
    "hist_counts": [
      0,
      1,
      0,
      2,
      1,
      0,
      6,
      10,
      5,
      12,
      7,
      9,
      16,
      20,
      21,
      27,
      37,
      42,
      40,
      54,
      50,
      64,
      82,
      81,
      113,
      134,
      132,
      160,
      177,
      198,
      239,
      316,
      365,
      424,
      480,
      517,
      591,
      659,
      838,
      818,
      1019,
      1102,
      1245,
      1443,
      1550,
      1813,
      2007,
      2138,
      2421,
      2654,
      2911,
      3245,
      3469,
      3638,
      4083,
      4300,
      4611,
      4829,
      5158,
      5564,
      5776,
      5939,
      6208,
      6420,
      6536,
      6536,
      6623,
      6640,
      6599,
      6586,
      6370,
      6183,
      6077,
      5765,
      5262,
      5037,
      4772,
      4304,
      4018,
      3677,
      3199,
      2802,
      2391,
      2041,
      1802,
      1426,
      1170,
      1011,
      758,
      563,
      438,
      344,
      241,
      194,
      109,
      78,
      61,
      32,
      24,
      15,
      10,
      6,
      5,
      0,
      3,
      0,
      1,
      0,
      0,
      0,
      0,
      0,
      0,
      0,
      0,
      0,
      0,
      0,
      0,
      0,
      0,
      0,
      0,
      0,
      0,
      0,
      0
    ]
  },
  "MSE": {
    "0": 0.0,
    "1": 0.0,
    "2": 0.0,
    "3": 0.0,
    "4": 0.0,
    "5": 0.0,
    "6": 0.0
  }
}