{
  "L": 5,
  "weight_hist": {
    "hist_vals": [
      0.0,
      0.00685,
      0.0,
      0.00848375,
      0.01430625,
      0.01601375,
      0.02831875,
      0.0496125,
      0.04157125,
      0.0619075,
      0.07671125,
      0.08479,
      0.0650275,
      0.0807175,
      0.074975,
      0.06896375,
      0.0675825,
      0.062165,
      0.04538,
      0.038185,
      0.03010625,
      0.0262425,
      0.0198175,
      0.0136425,
      0.00868625,
      0.00571125,
      0.00267375,
      0.0010975,
      0.0003675,
      8.125e-05,
      1e-05,
      2.5e-06,
      0.0,
      0.0,
      0.0,
      0.0,
      0.0,
      0.0,
      0.0,
      0.0,
      0.0,
      0.0,
      0.0,
      0.0,
      0.0,
      0.0,
      0.0,
      0.0,
      0.0,
      0.0,
      0.0,
      0.0,
      0.0,
      0.0,
      0.0,
      0.0,
      0.0,
      0.0,
      0.0,
      0.0,
      0.0,
      0.0,
      0.0,
      0.0,
      0.0,
      0.0,
      0.0,
      0.0,
      0.0,
      0.0,
      0.0,
      0.0,
      0.0,
      0.0,
      0.0,
      0.0,
      0.0,
      0.0,
      0.0,
      0.0,
      0.0,
      0.0,
      0.0,
      0.0,
      0.0,
      0.0,
      0.0,
      0.0,
      0.0,
      0.0,
      0.0,
      0.0,
      0.0,
      0.0,
      0.0,
      0.0,
      0.0,
      0.0,
      0.0,
      0.0,
      0.0,
      0.0,
      0.0,
      0.0,
      0.0,
      0.0,
      0.0,
      0.0,
      0.0,
      0.0,
      0.0,
      0.0,
      0.0,
      0.0,
      0.0,
      0.0,
      0.0,
      0.0,
      0.0,
      0.0,
      0.0,
      0.0,
      0.0,
      0.0,
      0.0,
      0.0,
      0.0
    ],
    "bin_edges": [
      -0.5,
      0.5,
      1.5,
      2.5,
      3.5,
      4.5,
      5.5,
      6.5,
      7.5,
      8.5,
      9.5,
      10.5,
      11.5,
      12.5,
      13.5,
      14.5,
      15.5,
      16.5,
      17.5,
      18.5,
      19.5,
      20.5,
      21.5,
      22.5,
      23.5,
      24.5,
      25.5,
      26.5,
      27.5,
      28.5,
      29.5,
      30.5,
      31.5,
      32.5,
      33.5,
      34.5,
      35.5,
      36.5,
      37.5,
      38.5,
      39.5,
      40.5,
      41.5,
      42.5,
      43.5,
      44.5,
      45.5,
      46.5,
      47.5,
      48.5,
      49.5,
      50.5,
      51.5,
      52.5,
      53.5,
      54.5,
      55.5,
      56.5,
      57.5,
      58.5,
      59.5,
      60.5,
      61.5,
      62.5,
      63.5,
      64.5,
      65.5,
      66.5,
      67.5,
      68.5,
      69.5,
      70.5,
      71.5,
      72.5,
      73.5,
      74.5,
      75.5,
      76.5,
      77.5,
      78.5,
      79.5,
      80.5,
      81.5,
      82.5,
      83.5,
      84.5,
      85.5,
      86.5,
      87.5,
      88.5,
      89.5,
      90.5,
      91.5,
      92.5,
      93.5,
      94.5,
      95.5,
      96.5,
      97.5,
      98.5,
      99.5,
      100.5,
      101.5,
      102.5,
      103.5,
      104.5,
      105.5,
      106.5,
      107.5,
      108.5,
      109.5,
      110.5,
      111.5,
      112.5,
      113.5,
      114.5,
      115.5,
      116.5,
      117.5,
      118.5,
      119.5,
      120.5,
      121.5,
      122.5,
      123.5,
      124.5,
      125.5,
      126.5
    ],
    "hist_counts": [
      0,
      5480,
      0,
      6787,
      11445,
      12811,
      22655,
      39690,
      33257,
      49526,
      61369,
      67832,
      52022,
      64574,
      59980,
      55171,
      54066,
      49732,
      36304,
      30548,
      24085,
      20994,
      15854,
      10914,
      6949,
      4569,
      2139,
      878,
      294,
      65,
      8,
      2,
      0,
      0,
      0,
      0,
      0,
      0,
      0,
      0,
      0,
      0,
      0,
      0,
      0,
      0,
      0,
      0,
      0,
      0,
      0,
      0,
      0,
      0,
      0,
      0,
      0,
      0,
      0,
      0,
      0,
      0,
      0,
      0,
      0,
      0,
      0,
      0,
      0,
      0,
      0,
      0,
      0,
      0,
      0,
      0,
      0,
      0,
      0,
      0,
      0,
      0,
      0,
      0,
      0,
      0,
      0,
      0,
      0,
      0,
      0,
      0,
      0,
      0,
      0,
      0,
      0,
      0,
      0,
      0,
      0,
      0,
      0,
      0,
      0,
      0,
      0,
      0,
      0,
      0,
      0,
      0,
      0,
      0,
      0,
      0,
      0,
      0,
      0,
      0,
      0,
      0,
      0,
      0,
      0,
      0,
      0
    ]
  },
  "MSE": {
    "0": 0.005595,
    "1": 0.004665,
    "2": 0.004665,
    "3": 0.004665,
    "4": 0.00303125,
    "5": 0.00177125,
    "6": 0.00158
  }
}