{
  "L": 10,
  "weight_hist": {
    "hist_vals": [
      0.0,
      0.00023,
      0.0,
      0.000395,
      0.000585,
      0.000695,
      0.00105,
      0.001855,
      0.00165,
      0.002415,
      0.003395,
      0.00389,
      0.003925,
      0.005815,
      0.005945,
      0.006975,
      0.008385,
      0.01072,
      0.011225,
      0.012955,
      0.015365,
      0.01701,
      0.01873,
      0.021705,
      0.02392,
      0.02571,
      0.02868,
      0.03056,
      0.03312,
      0.034745,
      0.0363,
      0.0382,
      0.03939,
      0.039145,
      0.04072,
      0.040595,
      0.04002,
      0.039735,
      0.03853,
      0.036725,
      0.03493,
      0.032435,
      0.02966,
      0.027765,
      0.0253,
      0.02321,
      0.02007,
      0.01742,
      0.01481,
      0.012145,
      0.010105,
      0.007835,
      0.00635,
      0.0048,
      0.003655,
      0.002825,
      0.00187,
      0.00142,
      0.000895,
      0.000695,
      0.000395,
      0.00016,
      0.0001,
      8.5e-05,
      3e-05,
      1.5e-05,
      5e-06,
      5e-06,
      0.0,
      0.0,
      0.0,
      0.0,
      0.0,
      0.0,
      0.0,
      0.0,
      0.0,
      0.0,
      0.0,
      0.0,
      0.0,
      0.0,
      0.0,
      0.0,
      0.0,
      0.0,
      0.0,
      0.0,
      0.0,
      0.0,
      0.0,
      0.0,
      0.0,
      0.0,
      0.0,
      0.0,
      0.0,
      0.0,
      0.0,
      0.0,
      0.0,
      0.0,
      0.0,
      0.0,
      0.0,
      0.0,
      0.0,
      0.0,
      0.0,
      0.0,
      0.0,
      0.0,
      0.0,
      0.0,
      0.0,
      0.0,
      0.0,
      0.0,
      0.0,
      0.0,
      0.0,
      0.0,
      0.0,
      0.0,
      0.0,
      0.0,
      0.0
    ],
    "bin_edges": [
      -0.5,
      0.5,
      1.5,
      2.5,
      3.5,
      4.5,
      5.5,
      6.5,
      7.5,
      8.5,
      9.5,
      10.5,
      11.5,
      12.5,
      13.5,
      14.5,
      15.5,
      16.5,
      17.5,
      18.5,
      19.5,
      20.5,
      21.5,
      22.5,
      23.5,
      24.5,
      25.5,
      26.5,
      27.5,
      28.5,
      29.5,
      30.5,
      31.5,
      32.5,
      33.5,
      34.5,
      35.5,
      36.5,
      37.5,
      38.5,
      39.5,
      40.5,
      41.5,
      42.5,
      43.5,
      44.5,
      45.5,
      46.5,
      47.5,
      48.5,
      49.5,
      50.5,
      51.5,
      52.5,
      53.5,
      54.5,
      55.5,
      56.5,
      57.5,
      58.5,
      59.5,
      60.5,
      61.5,
      62.5,
      63.5,
      64.5,
      65.5,
      66.5,
      67.5,
      68.5,
      69.5,
      70.5,
      71.5,
      72.5,
      73.5,
      74.5,
      75.5,
      76.5,
      77.5,
      78.5,
      79.5,
      80.5,
      81.5,
      82.5,
      83.5,
      84.5,
      85.5,
      86.5,
      87.5,
      88.5,
      89.5,
      90.5,
      91.5,
      92.5,
      93.5,
      94.5,
      95.5,
      96.5,
      97.5,
      98.5,
      99.5,
      100.5,
      101.5,
      102.5,
      103.5,
      104.5,
      105.5,
      106.5,
      107.5,
      108.5,
      109.5,
      110.5,
      111.5,
      112.5,
      113.5,
      114.5,
      115.5,
      116.5,
      117.5,
      118.5,
      119.5,
      120.5,
      121.5,
      122.5,
      123.5,
      124.5,
      125.5,
      126.5
    ],
    "hist_counts": [
      0,
      46,
      0,
      79,
      117,
      139,
      210,
      371,
      330,
      483,
      679,
      778,
      785,
      1163,
      1189,
      1395,
      1677,
      2144,
      2245,
      2591,
      3073,
      3402,
      3746,
      4341,
      4784,
      5142,
      5736,
      6112,
      6624,
      6949,
      7260,
      7640,
      7878,
      7829,
      8144,
      8119,
      8004,
      7947,
      7706,
      7345,
      6986,
      6487,
      5932,
      5553,
      5060,
      4642,
      4014,
      3484,
      2962,
      2429,
      2021,
      1567,
      1270,
      960,
      731,
      565,
      374,
      284,
      179,
      139,
      79,
      32,
      20,
      17,
      6,
      3,
      1,
      1,
      0,
      0,
      0,
      0,
      0,
      0,
      0,
      0,
      0,
      0,
      0,
      0,
      0,
      0,
      0,
      0,
      0,
      0,
      0,
      0,
      0,
      0,
      0,
      0,
      0,
      0,
      0,
      0,
      0,
      0,
      0,
      0,
      0,
      0,
      0,
      0,
      0,
      0,
      0,
      0,
      0,
      0,
      0,
      0,
      0,
      0,
      0,
      0,
      0,
      0,
      0,
      0,
      0,
      0,
      0,
      0,
      0,
      0,
      0
    ]
  },
  "MSE": {
    "0": 9e-05,
    "1": 9e-05,
    "2": 9e-05,
    "3": 9e-05,
    "4": 8e-05,
    "5": 5e-05,
    "6": 2.5e-05
  }
}