{
  "L": 10,
  "weight_hist": {
    "hist_vals": [
      9.6e-05,
      0.0,
      0.0002,
      0.000258,
      0.000356,
      0.000478,
      0.000788,
      0.000728,
      0.001136,
      0.00172,
      0.001778,
      0.001908,
      0.002444,
      0.002938,
      0.003312,
      0.003858,
      0.004448,
      0.005294,
      0.00616,
      0.00726,
      0.008422,
      0.00933,
      0.010974,
      0.012258,
      0.013796,
      0.015936,
      0.017248,
      0.01936,
      0.021278,
      0.023514,
      0.024962,
      0.02712,
      0.029346,
      0.030634,
      0.032878,
      0.034368,
      0.035382,
      0.03662,
      0.037656,
      0.037644,
      0.037468,
      0.037596,
      0.037004,
      0.036546,
      0.035116,
      0.033202,
      0.031432,
      0.02988,
      0.027538,
      0.025108,
      0.022706,
      0.02057,
      0.018,
      0.015562,
      0.013596,
      0.01193,
      0.009584,
      0.007814,
      0.006464,
      0.004922,
      0.004094,
      0.002874,
      0.00221,
      0.001582,
      0.00115,
      0.000782,
      0.000584,
      0.00032,
      0.000238,
      0.000114,
      5.6e-05,
      4.2e-05,
      1.8e-05,
      8e-06,
      2e-06,
      0.0,
      0.0,
      2e-06,
      0.0,
      0.0,
      0.0,
      0.0,
      0.0,
      0.0,
      0.0,
      0.0,
      0.0,
      0.0,
      0.0,
      0.0,
      0.0,
      0.0,
      0.0,
      0.0,
      0.0,
      0.0,
      0.0,
      0.0,
      0.0,
      0.0,
      0.0,
      0.0,
      0.0,
      0.0,
      0.0,
      0.0,
      0.0,
      0.0,
      0.0,
      0.0,
      0.0,
      0.0,
      0.0,
      0.0,
      0.0,
      0.0,
      0.0,
      0.0,
      0.0,
      0.0,
      0.0,
      0.0,
      0.0,
      0.0,
      0.0,
      0.0,
      0.0
    ],
    "bin_edges": [
      0.5,
      1.5,
      2.5,
      3.5,
      4.5,
      5.5,
      6.5,
      7.5,
      8.5,
      9.5,
      10.5,
      11.5,
      12.5,
      13.5,
      14.5,
      15.5,
      16.5,
      17.5,
      18.5,
      19.5,
      20.5,
      21.5,
      22.5,
      23.5,
      24.5,
      25.5,
      26.5,
      27.5,
      28.5,
      29.5,
      30.5,
      31.5,
      32.5,
      33.5,
      34.5,
      35.5,
      36.5,
      37.5,
      38.5,
      39.5,
      40.5,
      41.5,
      42.5,
      43.5,
      44.5,
      45.5,
      46.5,
      47.5,
      48.5,
      49.5,
      50.5,
      51.5,
      52.5,
      53.5,
      54.5,
      55.5,
      56.5,
      57.5,
      58.5,
      59.5,
      60.5,
      61.5,
      62.5,
      63.5,
      64.5,
      65.5,
      66.5,
      67.5,
      68.5,
      69.5,
      70.5,
      71.5,
      72.5,
      73.5,
      74.5,
      75.5,
      76.5,
      77.5,
      78.5,
      79.5,
      80.5,
      81.5,
      82.5,
      83.5,
      84.5,
      85.5,
      86.5,
      87.5,
      88.5,
      89.5,
      90.5,
      91.5,
      92.5,
      93.5,
      94.5,
      95.5,
      96.5,
      97.5,
      98.5,
      99.5,
      100.5,
      101.5,
      102.5,
      103.5,
      104.5,
      105.5,
      106.5,
      107.5,
      108.5,
      109.5,
      110.5,
      111.5,
      112.5,
      113.5,
      114.5,
      115.5,
      116.5,
      117.5,
      118.5,
      119.5,
      120.5,
      121.5,
      122.5,
      123.5,
      124.5,
      125.5,
      126.5,
      127.5
    ],
    "hist_counts": [
      48,
      0,
      100,
      129,
      178,
      239,
      394,
      364,
      568,
      860,
      889,
      954,
      1222,
      1469,
      1656,
      1929,
      2224,
      2647,
      3080,
      3630,
      4211,
      4665,
      5487,
      6129,
      6898,
      7968,
      8624,
      9680,
      10639,
      11757,
      12481,
      13560,
      14673,
      15317,
      16439,
      17184,
      17691,
      18310,
      18828,
      18822,
      18734,
      18798,
      18502,
      18273,
      17558,
      16601,
      15716,
      14940,
      13769,
      12554,
      11353,
      10285,
      9000,
      7781,
      6798,
      5965,
      4792,
      3907,
      3232,
      2461,
      2047,
      1437,
      1105,
      791,
      575,
      391,
      292,
      160,
      119,
      57,
      28,
      21,
      9,
      4,
      1,
      0,
      0,
      1,
      0,
      0,
      0,
      0,
      0,
      0,
      0,
      0,
      0,
      0,
      0,
      0,
      0,
      0,
      0,
      0,
      0,
      0,
      0,
      0,
      0,
      0,
      0,
      0,
      0,
      0,
      0,
      0,
      0,
      0,
      0,
      0,
      0,
      0,
      0,
      0,
      0,
      0,
      0,
      0,
      0,
      0,
      0,
      0,
      0,
      0,
      0,
      0,
      0
    ]
  },
  "MSE": {
    "0": 6.6e-05,
    "1": 6.6e-05,
    "2": 6.6e-05,
    "3": 6.6e-05,
    "4": 6.2e-05,
    "5": 4e-05,
    "6": 3e-05
  }
}