{
  "L": 20,
  "weight_hist": {
    "hist_vals": [
      0.0,
      0.0,
      0.0,
      0.0,
      0.0,
      0.0,
      0.0,
      0.0,
      0.0,
      0.0,
      0.0,
      0.0,
      2e-06,
      2e-06,
      0.0,
      0.0,
      2e-06,
      2e-06,
      2e-06,
      6e-06,
      4e-06,
      6e-06,
      4e-06,
      4e-06,
      6e-06,
      8e-06,
      1e-05,
      8e-06,
      8e-06,
      1.4e-05,
      1.4e-05,
      1.6e-05,
      1.8e-05,
      2.2e-05,
      2.6e-05,
      3.8e-05,
      1e-05,
      3e-05,
      3e-05,
      4.2e-05,
      4.6e-05,
      8.6e-05,
      9e-05,
      8.2e-05,
      9e-05,
      0.000122,
      0.00012,
      0.000112,
      0.000174,
      0.000196,
      0.000184,
      0.000258,
      0.000312,
      0.00041,
      0.00044,
      0.000502,
      0.000556,
      0.000638,
      0.000802,
      0.000932,
      0.001134,
      0.001356,
      0.001648,
      0.001996,
      0.002234,
      0.002524,
      0.003088,
      0.003518,
      0.004136,
      0.00521,
      0.005902,
      0.006836,
      0.008216,
      0.00951,
      0.010812,
      0.012978,
      0.014746,
      0.016702,
      0.019444,
      0.022444,
      0.025824,
      0.028562,
      0.032114,
      0.036346,
      0.040046,
      0.04284,
      0.047178,
      0.049672,
      0.052122,
      0.053384,
      0.053766,
      0.052996,
      0.051632,
      0.04892,
      0.044258,
      0.039348,
      0.033238,
      0.02778,
      0.02237,
      0.01734,
      0.013072,
      0.009416,
      0.006532,
      0.004162,
      0.002666,
      0.001608,
      0.000944,
      0.00049,
      0.00026,
      0.00011,
      4.4e-05,
      2.8e-05,
      8e-06,
      2e-06,
      0.0,
      2e-06,
      0.0,
      0.0,
      0.0,
      0.0,
      0.0,
      0.0,
      0.0,
      0.0,
      0.0,
      0.0,
      0.0
    ],
    "bin_edges": [
      0.5,
      1.5,
      2.5,
      3.5,
      4.5,
      5.5,
      6.5,
      7.5,
      8.5,
      9.5,
      10.5,
      11.5,
      12.5,
      13.5,
      14.5,
      15.5,
      16.5,
      17.5,
      18.5,
      19.5,
      20.5,
      21.5,
      22.5,
      23.5,
      24.5,
      25.5,
      26.5,
      27.5,
      28.5,
      29.5,
      30.5,
      31.5,
      32.5,
      33.5,
      34.5,
      35.5,
      36.5,
      37.5,
      38.5,
      39.5,
      40.5,
      41.5,
      42.5,
      43.5,
      44.5,
      45.5,
      46.5,
      47.5,
      48.5,
      49.5,
      50.5,
      51.5,
      52.5,
      53.5,
      54.5,
      55.5,
      56.5,
      57.5,
      58.5,
      59.5,
      60.5,
      61.5,
      62.5,
      63.5,
      64.5,
      65.5,
      66.5,
      67.5,
      68.5,
      69.5,
      70.5,
      71.5,
      72.5,
      73.5,
      74.5,
      75.5,
      76.5,
      77.5,
      78.5,
      79.5,
      80.5,
      81.5,
      82.5,
      83.5,
      84.5,
      85.5,
      86.5,
      87.5,
      88.5,
      89.5,
      90.5,
      91.5,
      92.5,
      93.5,
      94.5,
      95.5,
      96.5,
      97.5,
      98.5,
      99.5,
      100.5,
      101.5,
      102.5,
      103.5,
      104.5,
      105.5,
      106.5,
      107.5,
      108.5,
      109.5,
      110.5,
      111.5,
      112.5,
      113.5,
      114.5,
      115.5,
      116.5,
      117.5,
      118.5,
      119.5,
      120.5,
      121.5,
      122.5,
      123.5,
      124.5,
      125.5,
      126.5,
      127.5
    ],
    "hist_counts": [
      0,
      0,
      0,
      0,
      0,
      0,
      0,
      0,
      0,
      0,
      0,
      0,
      1,
      1,
      0,
      0,
      1,
      1,
      1,
      3,
      2,
      3,
      2,
      2,
      3,
      4,
      5,
      4,
      4,
      7,
      7,
      8,
      9,
      11,
      13,
      19,
      5,
      15,
      15,
      21,
      23,
      43,
      45,
      41,
      45,
      61,
      60,
      56,
      87,
      98,
      92,
      129,
      156,
      205,
      220,
      251,
      278,
      319,
      401,
      466,
      567,
      678,
      824,
      998,
      1117,
      1262,
      1544,
      1759,
      2068,
      2605,
      2951,
      3418,
      4108,
      4755,
      5406,
      6489,
      7373,
      8351,
      9722,
      11222,
      12912,
      14281,
      16057,
      18173,
      20023,
      21420,
      23589,
      24836,
      26061,
      26692,
      26883,
      26498,
      25816,
      24460,
      22129,
      19674,
      16619,
      13890,
      11185,
      8670,
      6536,
      4708,
      3266,
      2081,
      1333,
      804,
      472,
      245,
      130,
      55,
      22,
      14,
      4,
      1,
      0,
      1,
      0,
      0,
      0,
      0,
      0,
      0,
      0,
      0,
      0,
      0,
      0
    ]
  },
  "MSE": {
    "0": 0.0,
    "1": 0.0,
    "2": 0.0,
    "3": 0.0,
    "4": 0.0,
    "5": 0.0,
    "6": 0.0
  }
}