{
  "L": 15,
  "weight_hist": {
    "hist_vals": [
      0.0,
      0.0,
      0.0,
      2.8571428571428573e-06,
      7.619047619047619e-06,
      5.7142857142857145e-06,
      6.666666666666667e-06,
      1.2380952380952381e-05,
      1.0476190476190477e-05,
      1.9047619047619046e-05,
      2.857142857142857e-05,
      3.4285714285714284e-05,
      2.2857142857142858e-05,
      4.2857142857142856e-05,
      4.5714285714285716e-05,
      6.38095238095238e-05,
      7.142857142857143e-05,
      6.952380952380952e-05,
      8.285714285714286e-05,
      0.00012666666666666666,
      0.00015523809523809525,
      0.00013523809523809525,
      0.0001819047619047619,
      0.0002180952380952381,
      0.00025428571428571427,
      0.0002961904761904762,
      0.00035142857142857144,
      0.00043238095238095237,
      0.0004733333333333333,
      0.00048666666666666666,
      0.0005666666666666667,
      0.0006980952380952381,
      0.0008066666666666667,
      0.000900952380952381,
      0.0010695238095238095,
      0.0011123809523809524,
      0.0013790476190476192,
      0.0015942857142857143,
      0.0018619047619047619,
      0.002120952380952381,
      0.0023266666666666666,
      0.0027323809523809523,
      0.0030114285714285716,
      0.0033961904761904763,
      0.0038980952380952383,
      0.004311428571428571,
      0.005031428571428571,
      0.005679047619047619,
      0.006336190476190476,
      0.007156190476190477,
      0.00791047619047619,
      0.008880952380952382,
      0.009959047619047619,
      0.011067619047619048,
      0.012228571428571429,
      0.013562857142857142,
      0.014566666666666667,
      0.01616095238095238,
      0.017634285714285713,
      0.019160952380952383,
      0.02053238095238095,
      0.021957142857142856,
      0.023434285714285713,
      0.02526761904761905,
      0.026472380952380952,
      0.027892380952380953,
      0.029327619047619047,
      0.030476190476190476,
      0.03162857142857143,
      0.03253047619047619,
      0.03355428571428572,
      0.03363047619047619,
      0.034132380952380956,
      0.03435904761904762,
      0.03379523809523809,
      0.03349428571428571,
      0.032614285714285714,
      0.03179047619047619,
      0.030463809523809525,
      0.028894285714285713,
      0.027322857142857142,
      0.025692380952380953,
      0.023365714285714285,
      0.02133904761904762,
      0.018916190476190475,
      0.016876190476190475,
      0.014937142857142857,
      0.01290952380952381,
      0.010813333333333333,
      0.009136190476190477,
      0.007584761904761905,
      0.006094285714285714,
      0.004885714285714286,
      0.0035638095238095238,
      0.0028904761904761903,
      0.0021523809523809525,
      0.0014933333333333333,
      0.001062857142857143,
      0.0007457142857142857,
      0.0004647619047619048,
      0.00031523809523809526,
      0.0001819047619047619,
      0.00010476190476190476,
      6.952380952380952e-05,
      3.3333333333333335e-05,
      2.380952380952381e-05,
      8.571428571428571e-06,
      5.7142857142857145e-06,
      2.8571428571428573e-06,
      0.0,
      0.0,
      0.0,
      0.0,
      0.0,
      0.0,
      0.0,
      0.0,
      0.0,
      0.0,
      0.0,
      0.0,
      0.0,
      0.0,
      0.0,
      0.0,
      0.0,
      0.0
    ],
    "bin_edges": [
      -0.5,
      0.5,
      1.5,
      2.5,
      3.5,
      4.5,
      5.5,
      6.5,
      7.5,
      8.5,
      9.5,
      10.5,
      11.5,
      12.5,
      13.5,
      14.5,
      15.5,
      16.5,
      17.5,
      18.5,
      19.5,
      20.5,
      21.5,
      22.5,
      23.5,
      24.5,
      25.5,
      26.5,
      27.5,
      28.5,
      29.5,
      30.5,
      31.5,
      32.5,
      33.5,
      34.5,
      35.5,
      36.5,
      37.5,
      38.5,
      39.5,
      40.5,
      41.5,
      42.5,
      43.5,
      44.5,
      45.5,
      46.5,
      47.5,
      48.5,
      49.5,
      50.5,
      51.5,
      52.5,
      53.5,
      54.5,
      55.5,
      56.5,
      57.5,
      58.5,
      59.5,
      60.5,
      61.5,
      62.5,
      63.5,
      64.5,
      65.5,
      66.5,
      67.5,
      68.5,
      69.5,
      70.5,
      71.5,
      72.5,
      73.5,
      74.5,
      75.5,
      76.5,
      77.5,
      78.5,
      79.5,
      80.5,
      81.5,
      82.5,
      83.5,
      84.5,
      85.5,
      86.5,
      87.5,
      88.5,
      89.5,
      90.5,
      91.5,
      92.5,
      93.5,
      94.5,
      95.5,
      96.5,
      97.5,
      98.5,
      99.5,
      100.5,
      101.5,
      102.5,
      103.5,
      104.5,
      105.5,
      106.5,
      107.5,
      108.5,
      109.5,
      110.5,
      111.5,
      112.5,
      113.5,
      114.5,
      115.5,
      116.5,
      117.5,
      118.5,
      119.5,
      120.5,
      121.5,
      122.5,
      123.5,
      124.5,
      125.5,
      126.5
    ],
    "hist_counts": [
      0,
      0,
      0,
      3,
      8,
      6,
      7,
      13,
      11,
      20,
      30,
      36,
      24,
      45,
      48,
      67,
      75,
      73,
      87,
      133,
      163,
      142,
      191,
      229,
      267,
      311,
      369,
      454,
      497,
      511,
      595,
      733,
      847,
      946,
      1123,
      1168,
      1448,
      1674,
      1955,
      2227,
      2443,
      2869,
      3162,
      3566,
      4093,
      4527,
      5283,
      5963,
      6653,
      7514,
      8306,
      9325,
      10457,
      11621,
      12840,
      14241,
      15295,
      16969,
      18516,
      20119,
      21559,
      23055,
      24606,
      26531,
      27796,
      29287,
      30794,
      32000,
      33210,
      34157,
      35232,
      35312,
      35839,
      36077,
      35485,
      35169,
      34245,
      33380,
      31987,
      30339,
      28689,
      26977,
      24534,
      22406,
      19862,
      17720,
      15684,
      13555,
      11354,
      9593,
      7964,
      6399,
      5130,
      3742,
      3035,
      2260,
      1568,
      1116,
      783,
      488,
      331,
      191,
      110,
      73,
      35,
      25,
      9,
      6,
      3,
      0,
      0,
      0,
      0,
      0,
      0,
      0,
      0,
      0,
      0,
      0,
      0,
      0,
      0,
      0,
      0,
      0,
      0
    ]
  },
  "MSE": {
    "0": 0.0,
    "1": 0.0,
    "2": 0.0,
    "3": 0.0,
    "4": 0.0,
    "5": 0.0,
    "6": 0.0
  }
}