{
  "L": 50,
  "weight_hist": {
    "hist_vals": [
      0.0,
      0.0,
      0.0,
      0.0,
      0.0,
      0.0,
      0.0,
      0.0,
      0.0,
      0.0,
      0.0,
      0.0,
      0.0,
      0.0,
      0.0,
      0.0,
      0.0,
      0.0,
      0.0,
      0.0,
      0.0,
      0.0,
      0.0,
      0.0,
      0.0,
      0.0,
      0.0,
      0.0,
      0.0,
      0.0,
      0.0,
      0.0,
      0.0,
      0.0,
      0.0,
      0.0,
      0.0,
      0.0,
      0.0,
      0.0,
      0.0,
      0.0,
      0.0,
      0.0,
      0.0,
      0.0,
      0.0,
      0.0,
      0.0,
      0.0,
      0.0,
      0.0,
      5.555555555555556e-06,
      0.0,
      0.0,
      0.0,
      0.0,
      5.555555555555556e-06,
      0.0,
      1.1111111111111112e-05,
      5.555555555555556e-06,
      5.555555555555556e-06,
      0.0,
      5.555555555555556e-06,
      1.6666666666666667e-05,
      1.6666666666666667e-05,
      3.3333333333333335e-05,
      4.4444444444444447e-05,
      8.333333333333333e-05,
      7.222222222222222e-05,
      0.00011111111111111112,
      0.00014444444444444444,
      0.00024444444444444443,
      0.0002722222222222222,
      0.0003222222222222222,
      0.0005777777777777778,
      0.0006888888888888888,
      0.0011944444444444444,
      0.0017055555555555556,
      0.0024944444444444445,
      0.003872222222222222,
      0.005372222222222222,
      0.0079,
      0.010733333333333333,
      0.015572222222222222,
      0.020816666666666667,
      0.026933333333333333,
      0.034388888888888886,
      0.042833333333333334,
      0.050722222222222224,
      0.059116666666666665,
      0.06676666666666667,
      0.07253333333333334,
      0.07650555555555555,
      0.07682777777777777,
      0.07523888888888888,
      0.0705888888888889,
      0.06148888888888889,
      0.05397222222222222,
      0.045083333333333336,
      0.03545,
      0.026505555555555557,
      0.019188888888888887,
      0.013155555555555556,
      0.008255555555555556,
      0.005516666666666666,
      0.0031777777777777776,
      0.0017277777777777777,
      0.0009444444444444445,
      0.0004166666666666667,
      0.0002,
      7.777777777777778e-05,
      5e-05,
      0.0,
      0.0,
      5.555555555555556e-06,
      0.0,
      0.0,
      0.0,
      0.0,
      0.0,
      0.0,
      0.0,
      0.0,
      0.0,
      0.0,
      0.0
    ],
    "bin_edges": [
      0.5,
      1.5,
      2.5,
      3.5,
      4.5,
      5.5,
      6.5,
      7.5,
      8.5,
      9.5,
      10.5,
      11.5,
      12.5,
      13.5,
      14.5,
      15.5,
      16.5,
      17.5,
      18.5,
      19.5,
      20.5,
      21.5,
      22.5,
      23.5,
      24.5,
      25.5,
      26.5,
      27.5,
      28.5,
      29.5,
      30.5,
      31.5,
      32.5,
      33.5,
      34.5,
      35.5,
      36.5,
      37.5,
      38.5,
      39.5,
      40.5,
      41.5,
      42.5,
      43.5,
      44.5,
      45.5,
      46.5,
      47.5,
      48.5,
      49.5,
      50.5,
      51.5,
      52.5,
      53.5,
      54.5,
      55.5,
      56.5,
      57.5,
      58.5,
      59.5,
      60.5,
      61.5,
      62.5,
      63.5,
      64.5,
      65.5,
      66.5,
      67.5,
      68.5,
      69.5,
      70.5,
      71.5,
      72.5,
      73.5,
      74.5,
      75.5,
      76.5,
      77.5,
      78.5,
      79.5,
      80.5,
      81.5,
      82.5,
      83.5,
      84.5,
      85.5,
      86.5,
      87.5,
      88.5,
      89.5,
      90.5,
      91.5,
      92.5,
      93.5,
      94.5,
      95.5,
      96.5,
      97.5,
      98.5,
      99.5,
      100.5,
      101.5,
      102.5,
      103.5,
      104.5,
      105.5,
      106.5,
      107.5,
      108.5,
      109.5,
      110.5,
      111.5,
      112.5,
      113.5,
      114.5,
      115.5,
      116.5,
      117.5,
      118.5,
      119.5,
      120.5,
      121.5,
      122.5,
      123.5,
      124.5,
      125.5,
      126.5,
      127.5
    ],
    "hist_counts": [
      0,
      0,
      0,
      0,
      0,
      0,
      0,
      0,
      0,
      0,
      0,
      0,
      0,
      0,
      0,
      0,
      0,
      0,
      0,
      0,
      0,
      0,
      0,
      0,
      0,
      0,
      0,
      0,
      0,
      0,
      0,
      0,
      0,
      0,
      0,
      0,
      0,
      0,
      0,
      0,
      0,
      0,
      0,
      0,
      0,
      0,
      0,
      0,
      0,
      0,
      0,
      0,
      1,
      0,
      0,
      0,
      0,
      1,
      0,
      2,
      1,
      1,
      0,
      1,
      3,
      3,
      6,
      8,
      15,
      13,
      20,
      26,
      44,
      49,
      58,
      104,
      124,
      215,
      307,
      449,
      697,
      967,
      1422,
      1932,
      2803,
      3747,
      4848,
      6190,
      7710,
      9130,
      10641,
      12018,
      13056,
      13771,
      13829,
      13543,
      12706,
      11068,
      9715,
      8115,
      6381,
      4771,
      3454,
      2368,
      1486,
      993,
      572,
      311,
      170,
      75,
      36,
      14,
      9,
      0,
      0,
      1,
      0,
      0,
      0,
      0,
      0,
      0,
      0,
      0,
      0,
      0,
      0
    ]
  },
  "cum_mse": {
    "0": 0.0,
    "1": 0.0,
    "2": 0.0,
    "3": 0.0,
    "4": 0.0,
    "5": 0.0,
    "6": 0.0
  },
  "weight_mse": {
    "0": 0.0,
    "1": 0.0,
    "2": 0.0,
    "3": 0.0,
    "4": 0.0,
    "5": 0.0,
    "6": 0.0
  }
}