{
  "L": 20,
  "weight_hist": {
    "hist_vals": [
      0.0,
      0.0,
      0.0,
      0.0,
      0.0,
      0.0,
      0.0,
      0.0,
      0.0,
      0.0,
      0.0,
      0.0,
      0.0,
      2.8571428571428573e-06,
      2.8571428571428573e-06,
      9.523809523809523e-07,
      0.0,
      2.8571428571428573e-06,
      9.523809523809523e-07,
      1.9047619047619047e-06,
      5.7142857142857145e-06,
      2.8571428571428573e-06,
      4.7619047619047615e-06,
      5.7142857142857145e-06,
      1.9047619047619047e-06,
      5.7142857142857145e-06,
      4.7619047619047615e-06,
      1.0476190476190477e-05,
      1.0476190476190477e-05,
      1.1428571428571429e-05,
      1.1428571428571429e-05,
      1.0476190476190477e-05,
      1.0476190476190477e-05,
      1.8095238095238094e-05,
      1.7142857142857142e-05,
      2.4761904761904762e-05,
      2.761904761904762e-05,
      2.380952380952381e-05,
      3.809523809523809e-05,
      3.904761904761905e-05,
      4.6666666666666665e-05,
      4.6666666666666665e-05,
      8.19047619047619e-05,
      7.142857142857143e-05,
      8.857142857142857e-05,
      8.857142857142857e-05,
      0.00011523809523809524,
      0.0001238095238095238,
      0.0001304761904761905,
      0.00018095238095238095,
      0.0001961904761904762,
      0.00021714285714285715,
      0.00027714285714285715,
      0.0003095238095238095,
      0.000399047619047619,
      0.00046095238095238096,
      0.000499047619047619,
      0.0005542857142857143,
      0.0006685714285714285,
      0.0008095238095238096,
      0.0009485714285714286,
      0.001139047619047619,
      0.0013733333333333334,
      0.0016304761904761904,
      0.0019561904761904764,
      0.0022266666666666667,
      0.0025723809523809523,
      0.0030676190476190478,
      0.0035276190476190477,
      0.004210476190476191,
      0.005160952380952381,
      0.005968571428571429,
      0.006943809523809524,
      0.008168571428571428,
      0.009478095238095239,
      0.010966666666666666,
      0.012896190476190476,
      0.014706666666666666,
      0.016843809523809525,
      0.019387619047619046,
      0.02244857142857143,
      0.02559809523809524,
      0.028604761904761904,
      0.03189238095238095,
      0.036276190476190476,
      0.0397047619047619,
      0.043185714285714286,
      0.04687904761904762,
      0.04979619047619047,
      0.05177142857142857,
      0.053707619047619046,
      0.05399047619047619,
      0.05328857142857143,
      0.05147714285714286,
      0.04863809523809524,
      0.04410857142857143,
      0.03925809523809524,
      0.03337904761904762,
      0.02778,
      0.022442857142857143,
      0.017532380952380952,
      0.01313904761904762,
      0.009354285714285714,
      0.00654,
      0.004262857142857143,
      0.002676190476190476,
      0.0015752380952380953,
      0.0009057142857142857,
      0.00048285714285714284,
      0.0002676190476190476,
      0.00011904761904761905,
      4.9523809523809525e-05,
      2.1904761904761906e-05,
      6.666666666666667e-06,
      9.523809523809523e-07,
      9.523809523809523e-07,
      9.523809523809523e-07,
      0.0,
      0.0,
      0.0,
      0.0,
      0.0,
      0.0,
      0.0,
      0.0,
      0.0,
      0.0
    ],
    "bin_edges": [
      -0.5,
      0.5,
      1.5,
      2.5,
      3.5,
      4.5,
      5.5,
      6.5,
      7.5,
      8.5,
      9.5,
      10.5,
      11.5,
      12.5,
      13.5,
      14.5,
      15.5,
      16.5,
      17.5,
      18.5,
      19.5,
      20.5,
      21.5,
      22.5,
      23.5,
      24.5,
      25.5,
      26.5,
      27.5,
      28.5,
      29.5,
      30.5,
      31.5,
      32.5,
      33.5,
      34.5,
      35.5,
      36.5,
      37.5,
      38.5,
      39.5,
      40.5,
      41.5,
      42.5,
      43.5,
      44.5,
      45.5,
      46.5,
      47.5,
      48.5,
      49.5,
      50.5,
      51.5,
      52.5,
      53.5,
      54.5,
      55.5,
      56.5,
      57.5,
      58.5,
      59.5,
      60.5,
      61.5,
      62.5,
      63.5,
      64.5,
      65.5,
      66.5,
      67.5,
      68.5,
      69.5,
      70.5,
      71.5,
      72.5,
      73.5,
      74.5,
      75.5,
      76.5,
      77.5,
      78.5,
      79.5,
      80.5,
      81.5,
      82.5,
      83.5,
      84.5,
      85.5,
      86.5,
      87.5,
      88.5,
      89.5,
      90.5,
      91.5,
      92.5,
      93.5,
      94.5,
      95.5,
      96.5,
      97.5,
      98.5,
      99.5,
      100.5,
      101.5,
      102.5,
      103.5,
      104.5,
      105.5,
      106.5,
      107.5,
      108.5,
      109.5,
      110.5,
      111.5,
      112.5,
      113.5,
      114.5,
      115.5,
      116.5,
      117.5,
      118.5,
      119.5,
      120.5,
      121.5,
      122.5,
      123.5,
      124.5,
      125.5,
      126.5
    ],
    "hist_counts": [
      0,
      0,
      0,
      0,
      0,
      0,
      0,
      0,
      0,
      0,
      0,
      0,
      0,
      3,
      3,
      1,
      0,
      3,
      1,
      2,
      6,
      3,
      5,
      6,
      2,
      6,
      5,
      11,
      11,
      12,
      12,
      11,
      11,
      19,
      18,
      26,
      29,
      25,
      40,
      41,
      49,
      49,
      86,
      75,
      93,
      93,
      121,
      130,
      137,
      190,
      206,
      228,
      291,
      325,
      419,
      484,
      524,
      582,
      702,
      850,
      996,
      1196,
      1442,
      1712,
      2054,
      2338,
      2701,
      3221,
      3704,
      4421,
      5419,
      6267,
      7291,
      8577,
      9952,
      11515,
      13541,
      15442,
      17686,
      20357,
      23571,
      26878,
      30035,
      33487,
      38090,
      41690,
      45345,
      49223,
      52286,
      54360,
      56393,
      56690,
      55953,
      54051,
      51070,
      46314,
      41221,
      35048,
      29169,
      23565,
      18409,
      13796,
      9822,
      6867,
      4476,
      2810,
      1654,
      951,
      507,
      281,
      125,
      52,
      23,
      7,
      1,
      1,
      1,
      0,
      0,
      0,
      0,
      0,
      0,
      0,
      0,
      0,
      0
    ]
  },
  "MSE": {
    "0": 0.0,
    "1": 0.0,
    "2": 0.0,
    "3": 0.0,
    "4": 0.0,
    "5": 0.0,
    "6": 0.0
  }
}