{
  "L": 1,
  "weight_hist": {
    "hist_vals": [
      0.129841,
      0.04583,
      0.018242,
      0.012085,
      0.011469,
      0.013309,
      0.016662,
      0.023363,
      0.032342,
      0.043765,
      0.057576,
      0.070227,
      0.081529,
      0.087769,
      0.087651,
      0.080749,
      0.068224,
      0.051591,
      0.034411,
      0.019659,
      0.009168,
      0.003406,
      0.000943,
      0.00018,
      9e-06
    ],
    "bin_edges": [
      0.5,
      1.5,
      2.5,
      3.5,
      4.5,
      5.5,
      6.5,
      7.5,
      8.5,
      9.5,
      10.5,
      11.5,
      12.5,
      13.5,
      14.5,
      15.5,
      16.5,
      17.5,
      18.5,
      19.5,
      20.5,
      21.5,
      22.5,
      23.5,
      24.5,
      25.5
    ],
    "hist_counts": [
      129841,
      45830,
      18242,
      12085,
      11469,
      13309,
      16662,
      23363,
      32342,
      43765,
      57576,
      70227,
      81529,
      87769,
      87651,
      80749,
      68224,
      51591,
      34411,
      19659,
      9168,
      3406,
      943,
      180,
      9
    ]
  },
  "cum_mse": {
    "0": 0.044914,
    "1": 0.01118,
    "2": 0.003369,
    "3": 0.000898,
    "4": 0.000244,
    "5": 5.9e-05,
    "6": 2.1e-05
  },
  "weight_mse": {
    "0": 0.0,
    "1": 0.036391,
    "2": 0.007243,
    "3": 0.001054,
    "4": 0.000168,
    "5": 3.6e-05,
    "6": 9e-06
  }
}