{
  "L": 4,
  "weight_hist": {
    "hist_vals": [
      2.4692307692307692e-05,
      1.2769230769230769e-05,
      1.176923076923077e-05,
      8.461538461538462e-06,
      8.307692307692307e-06,
      1.2538461538461538e-05,
      2.1153846153846154e-05,
      4.384615384615385e-05,
      0.00010738461538461539,
      0.00030476923076923075,
      0.000984076923076923,
      0.0030404615384615383,
      0.008398384615384615,
      0.020763384615384614,
      0.044241538461538464,
      0.08103507692307692,
      0.12644276923076922,
      0.16615384615384615,
      0.18130376923076924,
      0.16117084615384616,
      0.11382769230769231,
      0.061527,
      0.02389269230769231,
      0.005955692307692308,
      0.0007070769230769231
    ],
    "bin_edges": [
      0.5,
      1.5,
      2.5,
      3.5,
      4.5,
      5.5,
      6.5,
      7.5,
      8.5,
      9.5,
      10.5,
      11.5,
      12.5,
      13.5,
      14.5,
      15.5,
      16.5,
      17.5,
      18.5,
      19.5,
      20.5,
      21.5,
      22.5,
      23.5,
      24.5,
      25.5
    ],
    "hist_counts": [
      321,
      166,
      153,
      110,
      108,
      163,
      275,
      570,
      1396,
      3962,
      12793,
      39526,
      109179,
      269924,
      575140,
      1053456,
      1643756,
      2160000,
      2356949,
      2095221,
      1479760,
      799851,
      310605,
      77424,
      9192
    ]
  },
  "cum_mse": {
    "0": 1.1076923076923077e-05,
    "1": 1.0384615384615384e-05,
    "2": 4.076923076923077e-06,
    "3": 2.1538461538461538e-06,
    "4": 7.692307692307693e-07,
    "5": 3.076923076923077e-07,
    "6": 2.3076923076923078e-07
  },
  "weight_mse": {
    "0": 0.0,
    "1": 9.923076923076923e-06,
    "2": 6.923076923076923e-07,
    "3": 7.692307692307692e-08,
    "4": 1.5384615384615385e-07,
    "5": 1.5384615384615385e-07,
    "6": 0.0
  }
}