{
  "L": 2,
  "weight_hist": {
    "hist_vals": [
      0.002549,
      0.0012555,
      0.0011055,
      0.0009415,
      0.0009155,
      0.0011565,
      0.0016615,
      0.002681,
      0.004341,
      0.0072715,
      0.0123335,
      0.020718,
      0.0344215,
      0.0554,
      0.0838865,
      0.115342,
      0.142593,
      0.153311,
      0.140644,
      0.1066845,
      0.0658965,
      0.0313045,
      0.010883,
      0.002456,
      0.0002475
    ],
    "bin_edges": [
      0.5,
      1.5,
      2.5,
      3.5,
      4.5,
      5.5,
      6.5,
      7.5,
      8.5,
      9.5,
      10.5,
      11.5,
      12.5,
      13.5,
      14.5,
      15.5,
      16.5,
      17.5,
      18.5,
      19.5,
      20.5,
      21.5,
      22.5,
      23.5,
      24.5,
      25.5
    ],
    "hist_counts": [
      5098,
      2511,
      2211,
      1883,
      1831,
      2313,
      3323,
      5362,
      8682,
      14543,
      24667,
      41436,
      68843,
      110800,
      167773,
      230684,
      285186,
      306622,
      281288,
      213369,
      131793,
      62609,
      21766,
      4912,
      495
    ]
  },
  "cum_mse": {
    "0": 0.000974,
    "1": 0.000747,
    "2": 0.000358,
    "3": 0.000167,
    "4": 2.75e-05,
    "5": 1.2e-05,
    "6": 5.5e-06
  },
  "weight_mse": {
    "0": 0.0,
    "1": 0.0007915,
    "2": 0.000136,
    "3": 3.15e-05,
    "4": 8e-06,
    "5": 3.5e-06,
    "6": 1e-06
  }
}