{
  "L": 3,
  "weight_hist": {
    "hist_vals": [
      0.00018314285714285714,
      9.628571428571428e-05,
      7.242857142857143e-05,
      6.114285714285714e-05,
      7.8e-05,
      0.00011171428571428571,
      0.0001572857142857143,
      0.0002794285714285714,
      0.0005212857142857143,
      0.0010874285714285714,
      0.0024301428571428573,
      0.005709,
      0.013017428571428572,
      0.028021571428571427,
      0.053960714285714285,
      0.09163914285714286,
      0.133965,
      0.16688571428571428,
      0.1737027142857143,
      0.148254,
      0.10130285714285714,
      0.05304171428571428,
      0.020005714285714286,
      0.004858857142857143,
      0.0005572857142857143
    ],
    "bin_edges": [
      0.5,
      1.5,
      2.5,
      3.5,
      4.5,
      5.5,
      6.5,
      7.5,
      8.5,
      9.5,
      10.5,
      11.5,
      12.5,
      13.5,
      14.5,
      15.5,
      16.5,
      17.5,
      18.5,
      19.5,
      20.5,
      21.5,
      22.5,
      23.5,
      24.5,
      25.5
    ],
    "hist_counts": [
      1282,
      674,
      507,
      428,
      546,
      782,
      1101,
      1956,
      3649,
      7612,
      17011,
      39963,
      91122,
      196151,
      377725,
      641474,
      937755,
      1168200,
      1215919,
      1037778,
      709120,
      371292,
      140040,
      34012,
      3901
    ]
  },
  "cum_mse": {
    "0": 8.171428571428571e-05,
    "1": 8.042857142857142e-05,
    "2": 3.4e-05,
    "3": 1.5714285714285715e-05,
    "4": 5.142857142857143e-06,
    "5": 2.1428571428571427e-06,
    "6": 8.571428571428571e-07
  },
  "weight_mse": {
    "0": 0.0,
    "1": 6.414285714285715e-05,
    "2": 1.2571428571428572e-05,
    "3": 3.2857142857142857e-06,
    "4": 1.2857142857142858e-06,
    "5": 1.4285714285714285e-07,
    "6": 2.857142857142857e-07
  }
}