{
  "weight_mse": {
    "0": [
      0.0,
      0.0,
      0.0,
      0.0,
      0.0
    ],
    "1": [
      0.040184,
      0.0008385,
      2.65e-05,
      1.1e-05,
      5e-07
    ],
    "2": [
      0.0007685,
      0.0001855,
      6e-06,
      2e-06,
      0.0
    ],
    "3": [
      0.0002215,
      6.9e-05,
      1.5e-06,
      0.0,
      0.0
    ],
    "4": [
      6.35e-05,
      2.25e-05,
      0.0,
      0.0,
      0.0
    ],
    "5": [
      3.5e-05,
      7.5e-06,
      5e-07,
      0.0,
      0.0
    ],
    "6": [
      7e-06,
      3e-06,
      0.0,
      0.0,
      0.0
    ]
  },
  "cum_mse": {
    "0": [
      0.0412935,
      0.00113,
      3.5e-05,
      1.3e-05,
      5e-07
    ],
    "1": [
      0.001156,
      0.0005725,
      2.4e-05,
      1.05e-05,
      0.0
    ],
    "2": [
      0.00045,
      0.0003135,
      1.45e-05,
      4e-06,
      0.0
    ],
    "3": [
      0.000198,
      0.0001675,
      8.5e-06,
      1e-06,
      0.0
    ],
    "4": [
      8.85e-05,
      4.25e-05,
      1.5e-06,
      0.0,
      0.0
    ],
    "5": [
      4.15e-05,
      1.8e-05,
      1e-06,
      0.0,
      0.0
    ],
    "6": [
      1.95e-05,
      7.5e-06,
      5e-07,
      0.0,
      0.0
    ]
  },
  "weight_hist": {
    "1": {
      "hist_vals": [
        0.0788155,
        0.0154645,
        0.0096065,
        0.0098395,
        0.0096295,
        0.0126025,
        0.01903,
        0.0295995,
        0.043997,
        0.061954,
        0.0808055,
        0.0980795,
        0.1085715,
        0.109844,
        0.1001095,
        0.0817325,
        0.059572,
        0.0374025,
        0.0199995,
        0.0089845,
        0.0032615,
        0.0008985,
        0.00018,
        2e-05,
        5e-07
      ],
      "bin_edges": [
        0.5,
        1.5,
        2.5,
        3.5,
        4.5,
        5.5,
        6.5,
        7.5,
        8.5,
        9.5,
        10.5,
        11.5,
        12.5,
        13.5,
        14.5,
        15.5,
        16.5,
        17.5,
        18.5,
        19.5,
        20.5,
        21.5,
        22.5,
        23.5,
        24.5,
        25.5
      ]
    },
    "2": {
      "hist_vals": [
        0.002103,
        0.001495,
        0.0012995,
        0.001189,
        0.001356,
        0.001747,
        0.0025335,
        0.0038475,
        0.005789,
        0.009312,
        0.0149425,
        0.0241715,
        0.0387075,
        0.059862,
        0.0877885,
        0.117768,
        0.141218,
        0.148812,
        0.133913,
        0.100814,
        0.060763,
        0.028491,
        0.0097035,
        0.002149,
        0.000225
      ],
      "bin_edges": [
        0.5,
        1.5,
        2.5,
        3.5,
        4.5,
        5.5,
        6.5,
        7.5,
        8.5,
        9.5,
        10.5,
        11.5,
        12.5,
        13.5,
        14.5,
        15.5,
        16.5,
        17.5,
        18.5,
        19.5,
        20.5,
        21.5,
        22.5,
        23.5,
        24.5,
        25.5
      ]
    },
    "3": {
      "hist_vals": [
        0.0001235,
        7.45e-05,
        5.8e-05,
        5e-05,
        5.35e-05,
        7.75e-05,
        0.000126,
        0.000229,
        0.000442,
        0.000935,
        0.0023225,
        0.0055975,
        0.013194,
        0.0287225,
        0.0550315,
        0.093128,
        0.135639,
        0.1676765,
        0.1735995,
        0.147282,
        0.0995545,
        0.051611,
        0.019328,
        0.0045925,
        0.000552
      ],
      "bin_edges": [
        0.5,
        1.5,
        2.5,
        3.5,
        4.5,
        5.5,
        6.5,
        7.5,
        8.5,
        9.5,
        10.5,
        11.5,
        12.5,
        13.5,
        14.5,
        15.5,
        16.5,
        17.5,
        18.5,
        19.5,
        20.5,
        21.5,
        22.5,
        23.5,
        24.5,
        25.5
      ]
    },
    "4": {
      "hist_vals": [
        2.95e-05,
        1.6e-05,
        1e-05,
        8.5e-06,
        8e-06,
        2.05e-05,
        2.5e-05,
        5.35e-05,
        0.0001215,
        0.0003715,
        0.0010815,
        0.0033125,
        0.0088575,
        0.0215235,
        0.045638,
        0.083042,
        0.1279475,
        0.166471,
        0.180618,
        0.1593725,
        0.1116985,
        0.060242,
        0.023169,
        0.0056695,
        0.000693
      ],
      "bin_edges": [
        0.5,
        1.5,
        2.5,
        3.5,
        4.5,
        5.5,
        6.5,
        7.5,
        8.5,
        9.5,
        10.5,
        11.5,
        12.5,
        13.5,
        14.5,
        15.5,
        16.5,
        17.5,
        18.5,
        19.5,
        20.5,
        21.5,
        22.5,
        23.5,
        24.5,
        25.5
      ]
    },
    "5": {
      "hist_vals": [
        5e-07,
        1.5e-06,
        5e-07,
        0.0,
        0.0,
        5e-07,
        2e-06,
        9e-06,
        3.75e-05,
        0.0001975,
        0.0007275,
        0.0025075,
        0.007453,
        0.0190165,
        0.0421125,
        0.0786345,
        0.1248535,
        0.1657245,
        0.182691,
        0.1638195,
        0.116986,
        0.0634275,
        0.024936,
        0.006138,
        0.0007235
      ],
      "bin_edges": [
        0.5,
        1.5,
        2.5,
        3.5,
        4.5,
        5.5,
        6.5,
        7.5,
        8.5,
        9.5,
        10.5,
        11.5,
        12.5,
        13.5,
        14.5,
        15.5,
        16.5,
        17.5,
        18.5,
        19.5,
        20.5,
        21.5,
        22.5,
        23.5,
        24.5,
        25.5
      ]
    }
  }
}