{
  "weight_mse": {
    "0": [
      0.0,
      0.0,
      0.0,
      0.0
    ],
    "1": [
      0.115364,
      0.000606,
      0.000109,
      3e-05
    ],
    "2": [
      0.001372,
      0.000108,
      1.4e-05,
      7.333333333333333e-06
    ],
    "3": [
      0.000338,
      4e-05,
      2e-06,
      3.3333333333333335e-07
    ],
    "4": [
      7.6e-05,
      2e-05,
      1e-06,
      6.666666666666667e-07
    ],
    "5": [
      1.6e-05,
      2e-06,
      0.0,
      3.3333333333333335e-07
    ],
    "6": [
      8e-06,
      0.0,
      5e-07,
      0.0
    ]
  },
  "cum_mse": {
    "0": [
      0.11718,
      0.000776,
      0.000127,
      3.866666666666667e-05
    ],
    "1": [
      0.001896,
      0.000298,
      4.8e-05,
      1.7e-05
    ],
    "2": [
      0.000692,
      0.00011,
      2.25e-05,
      8e-06
    ],
    "3": [
      0.000238,
      4e-05,
      1e-05,
      4.333333333333333e-06
    ],
    "4": [
      7.2e-05,
      1.2e-05,
      3.5e-06,
      6.666666666666667e-07
    ],
    "5": [
      1.8e-05,
      2e-06,
      2e-06,
      3.3333333333333335e-07
    ],
    "6": [
      1.2e-05,
      0.0,
      1e-06,
      0.0
    ]
  },
  "weight_hist": {
    "1": {
      "hist_vals": [
        0.178294,
        0.017404,
        0.013808,
        0.01116,
        0.01047,
        0.011816,
        0.01677,
        0.025716,
        0.038606,
        0.0544,
        0.071124,
        0.086716,
        0.096892,
        0.097152,
        0.087138,
        0.06937,
        0.049394,
        0.031384,
        0.018058,
        0.008878,
        0.00381,
        0.001274,
        0.000334,
        3e-05,
        2e-06
      ],
      "bin_edges": [
        0.5,
        1.5,
        2.5,
        3.5,
        4.5,
        5.5,
        6.5,
        7.5,
        8.5,
        9.5,
        10.5,
        11.5,
        12.5,
        13.5,
        14.5,
        15.5,
        16.5,
        17.5,
        18.5,
        19.5,
        20.5,
        21.5,
        22.5,
        23.5,
        24.5,
        25.5
      ]
    },
    "2": {
      "hist_vals": [
        0.00303,
        0.001036,
        0.000922,
        0.000874,
        0.000948,
        0.001272,
        0.001736,
        0.003012,
        0.00466,
        0.007738,
        0.013356,
        0.022496,
        0.036508,
        0.058822,
        0.087646,
        0.11953,
        0.142494,
        0.151084,
        0.137112,
        0.101524,
        0.06187,
        0.029932,
        0.010002,
        0.002176,
        0.00022
      ],
      "bin_edges": [
        0.5,
        1.5,
        2.5,
        3.5,
        4.5,
        5.5,
        6.5,
        7.5,
        8.5,
        9.5,
        10.5,
        11.5,
        12.5,
        13.5,
        14.5,
        15.5,
        16.5,
        17.5,
        18.5,
        19.5,
        20.5,
        21.5,
        22.5,
        23.5,
        24.5,
        25.5
      ]
    },
    "3": {
      "hist_vals": [
        0.000264,
        0.0001185,
        7.45e-05,
        7.7e-05,
        0.0001,
        0.0001475,
        0.000248,
        0.0004195,
        0.0007905,
        0.001536,
        0.003193,
        0.0069885,
        0.0148875,
        0.030446,
        0.056401,
        0.093979,
        0.1346555,
        0.1654435,
        0.1714765,
        0.1448055,
        0.098216,
        0.051262,
        0.0193135,
        0.0046145,
        0.0005425
      ],
      "bin_edges": [
        0.5,
        1.5,
        2.5,
        3.5,
        4.5,
        5.5,
        6.5,
        7.5,
        8.5,
        9.5,
        10.5,
        11.5,
        12.5,
        13.5,
        14.5,
        15.5,
        16.5,
        17.5,
        18.5,
        19.5,
        20.5,
        21.5,
        22.5,
        23.5,
        24.5,
        25.5
      ]
    },
    "4": {
      "hist_vals": [
        8.5e-05,
        2.966666666666667e-05,
        1.9666666666666666e-05,
        1.3e-05,
        1.2e-05,
        1.7333333333333332e-05,
        3.0333333333333333e-05,
        5.2333333333333336e-05,
        0.00011766666666666666,
        0.000296,
        0.000962,
        0.00295,
        0.008344333333333334,
        0.020466333333333333,
        0.04378066666666667,
        0.08079633333333333,
        0.12589833333333333,
        0.165063,
        0.18149633333333334,
        0.16174566666666668,
        0.11469133333333334,
        0.062227,
        0.024233666666666667,
        0.005981666666666666,
        0.0006903333333333334
      ],
      "bin_edges": [
        0.5,
        1.5,
        2.5,
        3.5,
        4.5,
        5.5,
        6.5,
        7.5,
        8.5,
        9.5,
        10.5,
        11.5,
        12.5,
        13.5,
        14.5,
        15.5,
        16.5,
        17.5,
        18.5,
        19.5,
        20.5,
        21.5,
        22.5,
        23.5,
        24.5,
        25.5
      ]
    }
  }
}