{
  "L": 4,
  "weight_hist": {
    "hist_vals": [
      2.6428571428571428e-05,
      1.2428571428571428e-05,
      1.1285714285714285e-05,
      1.4857142857142857e-05,
      1.8142857142857142e-05,
      2.1285714285714286e-05,
      4.2857142857142856e-05,
      6.742857142857143e-05,
      0.00014014285714285715,
      0.00034485714285714284,
      0.0010315714285714286,
      0.003125285714285714,
      0.008605285714285715,
      0.02101185714285714,
      0.044717714285714284,
      0.08143185714285714,
      0.12701228571428572,
      0.16630385714285714,
      0.18084442857142857,
      0.16081457142857142,
      0.11322885714285714,
      0.06102071428571428,
      0.023647285714285714,
      0.005818142857142857,
      0.0006865714285714285
    ],
    "bin_edges": [
      0.5,
      1.5,
      2.5,
      3.5,
      4.5,
      5.5,
      6.5,
      7.5,
      8.5,
      9.5,
      10.5,
      11.5,
      12.5,
      13.5,
      14.5,
      15.5,
      16.5,
      17.5,
      18.5,
      19.5,
      20.5,
      21.5,
      22.5,
      23.5,
      24.5,
      25.5
    ],
    "hist_counts": [
      185,
      87,
      79,
      104,
      127,
      149,
      300,
      472,
      981,
      2414,
      7221,
      21877,
      60237,
      147083,
      313024,
      570023,
      889086,
      1164127,
      1265911,
      1125702,
      792602,
      427145,
      165531,
      40727,
      4806
    ]
  },
  "cum_mse": {
    "0": 8.714285714285715e-06,
    "1": 5.142857142857143e-06,
    "2": 2.4285714285714284e-06,
    "3": 1.5714285714285714e-06,
    "4": 2.857142857142857e-07,
    "5": 0.0,
    "6": 0.0
  },
  "weight_mse": {
    "0": 0.0,
    "1": 5.7142857142857145e-06,
    "2": 1.7142857142857143e-06,
    "3": 1e-06,
    "4": 2.857142857142857e-07,
    "5": 0.0,
    "6": 0.0
  }
}