{
  "L": 1,
  "weight_hist": {
    "hist_vals": [
      0.011936666666666667,
      0.010666666666666666,
      0.009733333333333333,
      0.00893,
      0.00903,
      0.01119,
      0.016526666666666665,
      0.02532,
      0.039523333333333334,
      0.05683,
      0.07729333333333334,
      0.09919,
      0.11505333333333333,
      0.12199,
      0.11691333333333333,
      0.09974666666666666,
      0.07476333333333333,
      0.048786666666666666,
      0.027216666666666667,
      0.012956666666666667,
      0.004696666666666667,
      0.0013866666666666667,
      0.0002933333333333333,
      2.6666666666666667e-05,
      0.0
    ],
    "bin_edges": [
      0.5,
      1.5,
      2.5,
      3.5,
      4.5,
      5.5,
      6.5,
      7.5,
      8.5,
      9.5,
      10.5,
      11.5,
      12.5,
      13.5,
      14.5,
      15.5,
      16.5,
      17.5,
      18.5,
      19.5,
      20.5,
      21.5,
      22.5,
      23.5,
      24.5,
      25.5
    ],
    "hist_counts": [
      3581,
      3200,
      2920,
      2679,
      2709,
      3357,
      4958,
      7596,
      11857,
      17049,
      23188,
      29757,
      34516,
      36597,
      35074,
      29924,
      22429,
      14636,
      8165,
      3887,
      1409,
      416,
      88,
      8,
      0
    ]
  },
  "cum_mse": {
    "0": 0.004656666666666667,
    "1": 0.0015166666666666666,
    "2": 0.00056,
    "3": 0.00025333333333333333,
    "4": 7e-05,
    "5": 4e-05,
    "6": 1.3333333333333333e-05
  },
  "weight_mse": {
    "0": 0.0,
    "1": 0.00321,
    "2": 0.0010666666666666667,
    "3": 0.00029,
    "4": 4.6666666666666665e-05,
    "5": 2.3333333333333332e-05,
    "6": 1e-05
  }
}