{
  "prop_time": {
    "1": [
      0.045533180236816406,
      1.3575279712677002,
      5.340010643005371,
      8.745428085327148
    ],
    "2": [
      1.0325524806976318,
      7.677170753479004,
      6.1891188621521,
      8.650375604629517
    ],
    "3": [
      19.873738050460815,
      92.52844524383545,
      163.99124717712402,
      222.43541836738586
    ],
    "4": [
      305.05168986320496,
      1691.5952279567719,
      3067.19669175148,
      4401.1499309539795
    ]
  },
  "exp_time": {
    "1": [
      0.0,
      0.0010035037994384766,
      0.0010025501251220703,
      0.0010037422180175781
    ],
    "2": [
      0.012982845306396484,
      0.013059377670288086,
      0.013982295989990234,
      0.012987136840820312
    ],
    "3": [
      0.25037646293640137,
      0.2571558952331543,
      0.26445627212524414,
      0.2613089084625244
    ],
    "4": [
      3.6543357372283936,
      3.559612274169922,
      3.6904587745666504,
      3.5212652683258057
    ]
  },
  "expectation": {
    "1": [
      -0.13787135619286275,
      -0.014420949048059314,
      0.003020333744254775,
      0.0006673377596729753
    ],
    "2": [
      -0.1165333987344592,
      -0.017709922505108815,
      0.005115680179102796,
      -8.554859235669572e-05
    ],
    "3": [
      -0.13386471400201835,
      -0.021754942140045076,
      0.004531058797813653,
      -0.0005396025650400135
    ],
    "4": [
      -0.13166039195417817,
      -0.032449643985080434,
      0.002459549484150596,
      -0.0006526471800398047
    ]
  }
}