{
  "L": 30,
  "weight_hist": {
    "hist_vals": [
      0.0,
      0.0,
      0.0,
      0.0,
      0.0,
      5.555555555555556e-06,
      0.0,
      0.0,
      5.555555555555556e-06,
      0.0,
      5.555555555555556e-06,
      0.0,
      0.0,
      5.555555555555556e-06,
      1.6666666666666667e-05,
      1.6666666666666667e-05,
      1.1111111111111112e-05,
      3.888888888888889e-05,
      1.6666666666666667e-05,
      4.4444444444444447e-05,
      1.6666666666666667e-05,
      5e-05,
      5e-05,
      6.111111111111111e-05,
      2.777777777777778e-05,
      9.444444444444444e-05,
      0.00012222222222222221,
      0.00010555555555555555,
      0.00014444444444444444,
      0.00011111111111111112,
      0.0002555555555555556,
      0.00023333333333333333,
      0.0003333333333333333,
      0.00040555555555555554,
      0.0004,
      0.0003611111111111111,
      0.00048333333333333334,
      0.0006388888888888889,
      0.0008166666666666667,
      0.0008833333333333333,
      0.0009055555555555556,
      0.0012222222222222222,
      0.001138888888888889,
      0.0014166666666666668,
      0.0017666666666666666,
      0.001988888888888889,
      0.0025055555555555556,
      0.002511111111111111,
      0.002611111111111111,
      0.003488888888888889,
      0.0035666666666666668,
      0.004277777777777778,
      0.004794444444444444,
      0.005288888888888889,
      0.00585,
      0.006966666666666667,
      0.007627777777777778,
      0.008766666666666667,
      0.009833333333333333,
      0.010688888888888888,
      0.011894444444444444,
      0.012783333333333334,
      0.01405,
      0.01601111111111111,
      0.016566666666666667,
      0.01843888888888889,
      0.019805555555555555,
      0.021205555555555554,
      0.022944444444444444,
      0.024555555555555556,
      0.025855555555555555,
      0.027005555555555557,
      0.02918888888888889,
      0.030305555555555554,
      0.03136111111111111,
      0.032322222222222224,
      0.03396111111111111,
      0.03471111111111111,
      0.03506666666666667,
      0.035861111111111114,
      0.03552222222222222,
      0.03587777777777778,
      0.035494444444444447,
      0.03418888888888889,
      0.03285,
      0.030016666666666667,
      0.029333333333333333,
      0.027594444444444446,
      0.02458888888888889,
      0.022333333333333334,
      0.019705555555555556,
      0.017716666666666665,
      0.015022222222222222,
      0.012622222222222222,
      0.010422222222222222,
      0.008027777777777778,
      0.0061333333333333335,
      0.004755555555555555,
      0.0037333333333333333,
      0.0024944444444444445,
      0.0017666666666666666,
      0.0012277777777777777,
      0.0007166666666666667,
      0.00038888888888888887,
      0.0003277777777777778,
      0.00011111111111111112,
      5.555555555555556e-05,
      2.777777777777778e-05,
      5.555555555555556e-05,
      1.1111111111111112e-05,
      5.555555555555556e-06,
      0.0,
      0.0,
      0.0,
      0.0,
      0.0,
      0.0,
      0.0,
      0.0,
      0.0,
      0.0,
      0.0,
      0.0,
      0.0,
      0.0,
      0.0,
      0.0
    ],
    "bin_edges": [
      0.5,
      1.5,
      2.5,
      3.5,
      4.5,
      5.5,
      6.5,
      7.5,
      8.5,
      9.5,
      10.5,
      11.5,
      12.5,
      13.5,
      14.5,
      15.5,
      16.5,
      17.5,
      18.5,
      19.5,
      20.5,
      21.5,
      22.5,
      23.5,
      24.5,
      25.5,
      26.5,
      27.5,
      28.5,
      29.5,
      30.5,
      31.5,
      32.5,
      33.5,
      34.5,
      35.5,
      36.5,
      37.5,
      38.5,
      39.5,
      40.5,
      41.5,
      42.5,
      43.5,
      44.5,
      45.5,
      46.5,
      47.5,
      48.5,
      49.5,
      50.5,
      51.5,
      52.5,
      53.5,
      54.5,
      55.5,
      56.5,
      57.5,
      58.5,
      59.5,
      60.5,
      61.5,
      62.5,
      63.5,
      64.5,
      65.5,
      66.5,
      67.5,
      68.5,
      69.5,
      70.5,
      71.5,
      72.5,
      73.5,
      74.5,
      75.5,
      76.5,
      77.5,
      78.5,
      79.5,
      80.5,
      81.5,
      82.5,
      83.5,
      84.5,
      85.5,
      86.5,
      87.5,
      88.5,
      89.5,
      90.5,
      91.5,
      92.5,
      93.5,
      94.5,
      95.5,
      96.5,
      97.5,
      98.5,
      99.5,
      100.5,
      101.5,
      102.5,
      103.5,
      104.5,
      105.5,
      106.5,
      107.5,
      108.5,
      109.5,
      110.5,
      111.5,
      112.5,
      113.5,
      114.5,
      115.5,
      116.5,
      117.5,
      118.5,
      119.5,
      120.5,
      121.5,
      122.5,
      123.5,
      124.5,
      125.5,
      126.5,
      127.5
    ],
    "hist_counts": [
      0,
      0,
      0,
      0,
      0,
      1,
      0,
      0,
      1,
      0,
      1,
      0,
      0,
      1,
      3,
      3,
      2,
      7,
      3,
      8,
      3,
      9,
      9,
      11,
      5,
      17,
      22,
      19,
      26,
      20,
      46,
      42,
      60,
      73,
      72,
      65,
      87,
      115,
      147,
      159,
      163,
      220,
      205,
      255,
      318,
      358,
      451,
      452,
      470,
      628,
      642,
      770,
      863,
      952,
      1053,
      1254,
      1373,
      1578,
      1770,
      1924,
      2141,
      2301,
      2529,
      2882,
      2982,
      3319,
      3565,
      3817,
      4130,
      4420,
      4654,
      4861,
      5254,
      5455,
      5645,
      5818,
      6113,
      6248,
      6312,
      6455,
      6394,
      6458,
      6389,
      6154,
      5913,
      5403,
      5280,
      4967,
      4426,
      4020,
      3547,
      3189,
      2704,
      2272,
      1876,
      1445,
      1104,
      856,
      672,
      449,
      318,
      221,
      129,
      70,
      59,
      20,
      10,
      5,
      10,
      2,
      1,
      0,
      0,
      0,
      0,
      0,
      0,
      0,
      0,
      0,
      0,
      0,
      0,
      0,
      0,
      0,
      0
    ]
  },
  "cum_mse": {
    "0": 0.0,
    "1": 0.0,
    "2": 0.0,
    "3": 0.0,
    "4": 0.0,
    "5": 0.0,
    "6": 0.0
  },
  "weight_mse": {
    "0": 0.0,
    "1": 0.0,
    "2": 0.0,
    "3": 0.0,
    "4": 0.0,
    "5": 0.0,
    "6": 0.0
  }
}