{
  "L": 20,
  "weight_hist": {
    "hist_vals": [
      0.0,
      2.2222222222222223e-05,
      2.777777777777778e-05,
      5e-05,
      8.888888888888889e-05,
      0.00015555555555555556,
      0.00019444444444444443,
      0.0003,
      0.0003277777777777778,
      0.0004888888888888889,
      0.0006111111111111111,
      0.0008222222222222222,
      0.0010166666666666666,
      0.0011666666666666668,
      0.001238888888888889,
      0.0017555555555555556,
      0.0021944444444444446,
      0.0027277777777777778,
      0.0030444444444444442,
      0.0036333333333333335,
      0.004111111111111111,
      0.0046,
      0.005505555555555555,
      0.005966666666666667,
      0.0067555555555555554,
      0.007716666666666667,
      0.008727777777777777,
      0.009794444444444444,
      0.010977777777777777,
      0.011927777777777778,
      0.012988888888888888,
      0.014422222222222222,
      0.016161111111111112,
      0.01643888888888889,
      0.0183,
      0.019316666666666666,
      0.021083333333333332,
      0.02267777777777778,
      0.02277777777777778,
      0.02415,
      0.02532222222222222,
      0.026644444444444443,
      0.027066666666666666,
      0.028144444444444444,
      0.028855555555555554,
      0.030033333333333332,
      0.030705555555555555,
      0.031016666666666668,
      0.029905555555555557,
      0.03028888888888889,
      0.02977222222222222,
      0.029066666666666668,
      0.02875,
      0.028205555555555557,
      0.0266,
      0.02592222222222222,
      0.024788888888888888,
      0.02352777777777778,
      0.0219,
      0.020416666666666666,
      0.019316666666666666,
      0.018111111111111113,
      0.016394444444444444,
      0.014566666666666667,
      0.013461111111111111,
      0.012227777777777778,
      0.010822222222222223,
      0.009616666666666667,
      0.008922222222222222,
      0.007427777777777778,
      0.006544444444444445,
      0.005711111111111111,
      0.004761111111111111,
      0.004138888888888889,
      0.003311111111111111,
      0.0027944444444444444,
      0.0022222222222222222,
      0.0018388888888888888,
      0.0016,
      0.0011222222222222222,
      0.0009944444444444445,
      0.0007444444444444445,
      0.0005944444444444444,
      0.00047222222222222224,
      0.0003111111111111111,
      0.0002,
      0.00014444444444444444,
      0.0001388888888888889,
      7.222222222222222e-05,
      6.666666666666667e-05,
      5.555555555555556e-05,
      5.555555555555556e-06,
      4.4444444444444447e-05,
      1.1111111111111112e-05,
      2.2222222222222223e-05,
      1.1111111111111112e-05,
      0.0,
      0.0,
      0.0,
      0.0,
      0.0,
      0.0,
      0.0,
      0.0,
      0.0,
      0.0,
      0.0,
      0.0,
      0.0,
      0.0,
      0.0,
      0.0,
      0.0,
      0.0,
      0.0,
      0.0,
      0.0,
      0.0,
      0.0,
      0.0,
      0.0,
      0.0,
      0.0,
      0.0,
      0.0,
      0.0,
      0.0
    ],
    "bin_edges": [
      0.5,
      1.5,
      2.5,
      3.5,
      4.5,
      5.5,
      6.5,
      7.5,
      8.5,
      9.5,
      10.5,
      11.5,
      12.5,
      13.5,
      14.5,
      15.5,
      16.5,
      17.5,
      18.5,
      19.5,
      20.5,
      21.5,
      22.5,
      23.5,
      24.5,
      25.5,
      26.5,
      27.5,
      28.5,
      29.5,
      30.5,
      31.5,
      32.5,
      33.5,
      34.5,
      35.5,
      36.5,
      37.5,
      38.5,
      39.5,
      40.5,
      41.5,
      42.5,
      43.5,
      44.5,
      45.5,
      46.5,
      47.5,
      48.5,
      49.5,
      50.5,
      51.5,
      52.5,
      53.5,
      54.5,
      55.5,
      56.5,
      57.5,
      58.5,
      59.5,
      60.5,
      61.5,
      62.5,
      63.5,
      64.5,
      65.5,
      66.5,
      67.5,
      68.5,
      69.5,
      70.5,
      71.5,
      72.5,
      73.5,
      74.5,
      75.5,
      76.5,
      77.5,
      78.5,
      79.5,
      80.5,
      81.5,
      82.5,
      83.5,
      84.5,
      85.5,
      86.5,
      87.5,
      88.5,
      89.5,
      90.5,
      91.5,
      92.5,
      93.5,
      94.5,
      95.5,
      96.5,
      97.5,
      98.5,
      99.5,
      100.5,
      101.5,
      102.5,
      103.5,
      104.5,
      105.5,
      106.5,
      107.5,
      108.5,
      109.5,
      110.5,
      111.5,
      112.5,
      113.5,
      114.5,
      115.5,
      116.5,
      117.5,
      118.5,
      119.5,
      120.5,
      121.5,
      122.5,
      123.5,
      124.5,
      125.5,
      126.5,
      127.5
    ],
    "hist_counts": [
      0,
      4,
      5,
      9,
      16,
      28,
      35,
      54,
      59,
      88,
      110,
      148,
      183,
      210,
      223,
      316,
      395,
      491,
      548,
      654,
      740,
      828,
      991,
      1074,
      1216,
      1389,
      1571,
      1763,
      1976,
      2147,
      2338,
      2596,
      2909,
      2959,
      3294,
      3477,
      3795,
      4082,
      4100,
      4347,
      4558,
      4796,
      4872,
      5066,
      5194,
      5406,
      5527,
      5583,
      5383,
      5452,
      5359,
      5232,
      5175,
      5077,
      4788,
      4666,
      4462,
      4235,
      3942,
      3675,
      3477,
      3260,
      2951,
      2622,
      2423,
      2201,
      1948,
      1731,
      1606,
      1337,
      1178,
      1028,
      857,
      745,
      596,
      503,
      400,
      331,
      288,
      202,
      179,
      134,
      107,
      85,
      56,
      36,
      26,
      25,
      13,
      12,
      10,
      1,
      8,
      2,
      4,
      2,
      0,
      0,
      0,
      0,
      0,
      0,
      0,
      0,
      0,
      0,
      0,
      0,
      0,
      0,
      0,
      0,
      0,
      0,
      0,
      0,
      0,
      0,
      0,
      0,
      0,
      0,
      0,
      0,
      0,
      0,
      0
    ]
  },
  "cum_mse": {
    "0": 1.6666666666666667e-05,
    "1": 1.6666666666666667e-05,
    "2": 1.6666666666666667e-05,
    "3": 1.6666666666666667e-05,
    "4": 1.6666666666666667e-05,
    "5": 1.1111111111111112e-05,
    "6": 5.555555555555556e-06
  },
  "weight_mse": {
    "0": 0.0,
    "1": 0.0,
    "2": 0.0,
    "3": 1.1111111111111112e-05,
    "4": 0.0,
    "5": 5.555555555555556e-06,
    "6": 0.0
  }
}