{
  "L": 15,
  "weight_hist": {
    "hist_vals": [
      3.888888888888889e-05,
      0.00012222222222222221,
      0.0004944444444444445,
      0.0008222222222222222,
      0.0012222222222222222,
      0.0018611111111111111,
      0.002438888888888889,
      0.003427777777777778,
      0.00465,
      0.005638888888888889,
      0.006772222222222222,
      0.008094444444444444,
      0.009783333333333333,
      0.011188888888888889,
      0.013483333333333333,
      0.014811111111111112,
      0.01682222222222222,
      0.018505555555555556,
      0.021555555555555557,
      0.02303888888888889,
      0.0253,
      0.02712222222222222,
      0.029122222222222223,
      0.030477777777777777,
      0.03202222222222222,
      0.03328333333333333,
      0.03400555555555555,
      0.03548888888888889,
      0.035694444444444445,
      0.03552222222222222,
      0.036505555555555555,
      0.036333333333333336,
      0.03592222222222222,
      0.034944444444444445,
      0.03302777777777778,
      0.03278333333333333,
      0.030838888888888888,
      0.02928888888888889,
      0.027733333333333332,
      0.02556111111111111,
      0.023944444444444445,
      0.021777777777777778,
      0.019683333333333334,
      0.01781111111111111,
      0.016216666666666667,
      0.014372222222222222,
      0.012566666666666667,
      0.01145,
      0.009383333333333334,
      0.008555555555555556,
      0.00695,
      0.00585,
      0.004977777777777778,
      0.0039833333333333335,
      0.0034333333333333334,
      0.002588888888888889,
      0.0023277777777777776,
      0.0017722222222222221,
      0.00155,
      0.0011666666666666668,
      0.0009444444444444445,
      0.0007666666666666667,
      0.0005555555555555556,
      0.00038888888888888887,
      0.0003277777777777778,
      0.00022777777777777778,
      0.00021666666666666666,
      0.0001,
      8.888888888888889e-05,
      6.111111111111111e-05,
      6.666666666666667e-05,
      4.4444444444444447e-05,
      4.4444444444444447e-05,
      1.6666666666666667e-05,
      1.1111111111111112e-05,
      0.0,
      1.1111111111111112e-05,
      1.6666666666666667e-05,
      0.0,
      0.0,
      0.0,
      0.0,
      0.0,
      0.0,
      0.0,
      0.0,
      0.0,
      0.0,
      0.0,
      0.0,
      0.0,
      0.0,
      0.0,
      0.0,
      0.0,
      0.0,
      0.0,
      0.0,
      0.0,
      0.0,
      0.0,
      0.0,
      0.0,
      0.0,
      0.0,
      0.0,
      0.0,
      0.0,
      0.0,
      0.0,
      0.0,
      0.0,
      0.0,
      0.0,
      0.0,
      0.0,
      0.0,
      0.0,
      0.0,
      0.0,
      0.0,
      0.0,
      0.0,
      0.0,
      0.0,
      0.0,
      0.0
    ],
    "bin_edges": [
      0.5,
      1.5,
      2.5,
      3.5,
      4.5,
      5.5,
      6.5,
      7.5,
      8.5,
      9.5,
      10.5,
      11.5,
      12.5,
      13.5,
      14.5,
      15.5,
      16.5,
      17.5,
      18.5,
      19.5,
      20.5,
      21.5,
      22.5,
      23.5,
      24.5,
      25.5,
      26.5,
      27.5,
      28.5,
      29.5,
      30.5,
      31.5,
      32.5,
      33.5,
      34.5,
      35.5,
      36.5,
      37.5,
      38.5,
      39.5,
      40.5,
      41.5,
      42.5,
      43.5,
      44.5,
      45.5,
      46.5,
      47.5,
      48.5,
      49.5,
      50.5,
      51.5,
      52.5,
      53.5,
      54.5,
      55.5,
      56.5,
      57.5,
      58.5,
      59.5,
      60.5,
      61.5,
      62.5,
      63.5,
      64.5,
      65.5,
      66.5,
      67.5,
      68.5,
      69.5,
      70.5,
      71.5,
      72.5,
      73.5,
      74.5,
      75.5,
      76.5,
      77.5,
      78.5,
      79.5,
      80.5,
      81.5,
      82.5,
      83.5,
      84.5,
      85.5,
      86.5,
      87.5,
      88.5,
      89.5,
      90.5,
      91.5,
      92.5,
      93.5,
      94.5,
      95.5,
      96.5,
      97.5,
      98.5,
      99.5,
      100.5,
      101.5,
      102.5,
      103.5,
      104.5,
      105.5,
      106.5,
      107.5,
      108.5,
      109.5,
      110.5,
      111.5,
      112.5,
      113.5,
      114.5,
      115.5,
      116.5,
      117.5,
      118.5,
      119.5,
      120.5,
      121.5,
      122.5,
      123.5,
      124.5,
      125.5,
      126.5,
      127.5
    ],
    "hist_counts": [
      7,
      22,
      89,
      148,
      220,
      335,
      439,
      617,
      837,
      1015,
      1219,
      1457,
      1761,
      2014,
      2427,
      2666,
      3028,
      3331,
      3880,
      4147,
      4554,
      4882,
      5242,
      5486,
      5764,
      5991,
      6121,
      6388,
      6425,
      6394,
      6571,
      6540,
      6466,
      6290,
      5945,
      5901,
      5551,
      5272,
      4992,
      4601,
      4310,
      3920,
      3543,
      3206,
      2919,
      2587,
      2262,
      2061,
      1689,
      1540,
      1251,
      1053,
      896,
      717,
      618,
      466,
      419,
      319,
      279,
      210,
      170,
      138,
      100,
      70,
      59,
      41,
      39,
      18,
      16,
      11,
      12,
      8,
      8,
      3,
      2,
      0,
      2,
      3,
      0,
      0,
      0,
      0,
      0,
      0,
      0,
      0,
      0,
      0,
      0,
      0,
      0,
      0,
      0,
      0,
      0,
      0,
      0,
      0,
      0,
      0,
      0,
      0,
      0,
      0,
      0,
      0,
      0,
      0,
      0,
      0,
      0,
      0,
      0,
      0,
      0,
      0,
      0,
      0,
      0,
      0,
      0,
      0,
      0,
      0,
      0,
      0,
      0
    ]
  },
  "cum_mse": {
    "0": 0.0,
    "1": 0.0,
    "2": 0.0,
    "3": 0.0,
    "4": 0.0,
    "5": 0.0,
    "6": 0.0
  },
  "weight_mse": {
    "0": 0.0,
    "1": 0.0,
    "2": 0.0,
    "3": 0.0,
    "4": 0.0,
    "5": 0.0,
    "6": 0.0
  }
}