{
  "L": 10,
  "weight_hist": {
    "hist_vals": [
      0.0007222222222222222,
      0.0018444444444444443,
      0.007205555555555555,
      0.010055555555555555,
      0.013927777777777779,
      0.020372222222222222,
      0.026488888888888888,
      0.03217222222222222,
      0.03811666666666667,
      0.04251666666666667,
      0.04749444444444444,
      0.05034444444444444,
      0.05474444444444444,
      0.05517777777777778,
      0.05650555555555556,
      0.05555,
      0.05383333333333333,
      0.05179444444444444,
      0.04851111111111111,
      0.046844444444444445,
      0.04237777777777778,
      0.03811111111111111,
      0.03358333333333333,
      0.03013888888888889,
      0.026166666666666668,
      0.02253888888888889,
      0.018961111111111113,
      0.015938888888888888,
      0.012422222222222222,
      0.010233333333333334,
      0.00845,
      0.007055555555555555,
      0.005272222222222222,
      0.004016666666666667,
      0.0030277777777777777,
      0.0021333333333333334,
      0.0016055555555555556,
      0.001161111111111111,
      0.00085,
      0.0005055555555555555,
      0.00035555555555555557,
      0.00029444444444444445,
      0.00020555555555555556,
      0.00014444444444444444,
      0.00010555555555555555,
      3.3333333333333335e-05,
      3.888888888888889e-05,
      2.777777777777778e-05,
      1.6666666666666667e-05,
      5.555555555555556e-06,
      0.0,
      0.0,
      0.0,
      0.0,
      0.0,
      0.0,
      0.0,
      0.0,
      0.0,
      0.0,
      0.0,
      0.0,
      0.0,
      0.0,
      0.0,
      0.0,
      0.0,
      0.0,
      0.0,
      0.0,
      0.0,
      0.0,
      0.0,
      0.0,
      0.0,
      0.0,
      0.0,
      0.0,
      0.0,
      0.0,
      0.0,
      0.0,
      0.0,
      0.0,
      0.0,
      0.0,
      0.0,
      0.0,
      0.0,
      0.0,
      0.0,
      0.0,
      0.0,
      0.0,
      0.0,
      0.0,
      0.0,
      0.0,
      0.0,
      0.0,
      0.0,
      0.0,
      0.0,
      0.0,
      0.0,
      0.0,
      0.0,
      0.0,
      0.0,
      0.0,
      0.0,
      0.0,
      0.0,
      0.0,
      0.0,
      0.0,
      0.0,
      0.0,
      0.0,
      0.0,
      0.0,
      0.0,
      0.0,
      0.0,
      0.0,
      0.0,
      0.0
    ],
    "bin_edges": [
      0.5,
      1.5,
      2.5,
      3.5,
      4.5,
      5.5,
      6.5,
      7.5,
      8.5,
      9.5,
      10.5,
      11.5,
      12.5,
      13.5,
      14.5,
      15.5,
      16.5,
      17.5,
      18.5,
      19.5,
      20.5,
      21.5,
      22.5,
      23.5,
      24.5,
      25.5,
      26.5,
      27.5,
      28.5,
      29.5,
      30.5,
      31.5,
      32.5,
      33.5,
      34.5,
      35.5,
      36.5,
      37.5,
      38.5,
      39.5,
      40.5,
      41.5,
      42.5,
      43.5,
      44.5,
      45.5,
      46.5,
      47.5,
      48.5,
      49.5,
      50.5,
      51.5,
      52.5,
      53.5,
      54.5,
      55.5,
      56.5,
      57.5,
      58.5,
      59.5,
      60.5,
      61.5,
      62.5,
      63.5,
      64.5,
      65.5,
      66.5,
      67.5,
      68.5,
      69.5,
      70.5,
      71.5,
      72.5,
      73.5,
      74.5,
      75.5,
      76.5,
      77.5,
      78.5,
      79.5,
      80.5,
      81.5,
      82.5,
      83.5,
      84.5,
      85.5,
      86.5,
      87.5,
      88.5,
      89.5,
      90.5,
      91.5,
      92.5,
      93.5,
      94.5,
      95.5,
      96.5,
      97.5,
      98.5,
      99.5,
      100.5,
      101.5,
      102.5,
      103.5,
      104.5,
      105.5,
      106.5,
      107.5,
      108.5,
      109.5,
      110.5,
      111.5,
      112.5,
      113.5,
      114.5,
      115.5,
      116.5,
      117.5,
      118.5,
      119.5,
      120.5,
      121.5,
      122.5,
      123.5,
      124.5,
      125.5,
      126.5,
      127.5
    ],
    "hist_counts": [
      130,
      332,
      1297,
      1810,
      2507,
      3667,
      4768,
      5791,
      6861,
      7653,
      8549,
      9062,
      9854,
      9932,
      10171,
      9999,
      9690,
      9323,
      8732,
      8432,
      7628,
      6860,
      6045,
      5425,
      4710,
      4057,
      3413,
      2869,
      2236,
      1842,
      1521,
      1270,
      949,
      723,
      545,
      384,
      289,
      209,
      153,
      91,
      64,
      53,
      37,
      26,
      19,
      6,
      7,
      5,
      3,
      1,
      0,
      0,
      0,
      0,
      0,
      0,
      0,
      0,
      0,
      0,
      0,
      0,
      0,
      0,
      0,
      0,
      0,
      0,
      0,
      0,
      0,
      0,
      0,
      0,
      0,
      0,
      0,
      0,
      0,
      0,
      0,
      0,
      0,
      0,
      0,
      0,
      0,
      0,
      0,
      0,
      0,
      0,
      0,
      0,
      0,
      0,
      0,
      0,
      0,
      0,
      0,
      0,
      0,
      0,
      0,
      0,
      0,
      0,
      0,
      0,
      0,
      0,
      0,
      0,
      0,
      0,
      0,
      0,
      0,
      0,
      0,
      0,
      0,
      0,
      0,
      0,
      0
    ]
  },
  "cum_mse": {
    "0": 0.0018,
    "1": 0.0017555555555555556,
    "2": 0.0016666666666666668,
    "3": 0.0014666666666666667,
    "4": 0.0008,
    "5": 0.0003333333333333333,
    "6": 0.00013333333333333334
  },
  "weight_mse": {
    "0": 0.0,
    "1": 0.0007222222222222222,
    "2": 0.0,
    "3": 0.0009944444444444445,
    "4": 0.0,
    "5": 7.222222222222222e-05,
    "6": 0.0
  }
}