{
  "L": 45,
  "weight_hist": {
    "hist_vals": [
      0.0,
      0.0,
      0.0,
      0.0,
      0.0,
      0.0,
      0.0,
      0.0,
      0.0,
      0.0,
      0.0,
      0.0,
      0.0,
      0.0,
      0.0,
      0.0,
      0.0,
      0.0,
      0.0,
      0.0,
      0.0,
      0.0,
      0.0,
      0.0,
      0.0,
      0.0,
      0.0,
      0.0,
      0.0,
      0.0,
      0.0,
      0.0,
      0.0,
      0.0,
      0.0,
      0.0,
      0.0,
      0.0,
      0.0,
      0.0,
      0.0,
      0.0,
      0.0,
      0.0,
      0.0,
      5.555555555555556e-06,
      0.0,
      0.0,
      0.0,
      0.0,
      5.555555555555556e-06,
      0.0,
      1.1111111111111112e-05,
      5.555555555555556e-06,
      5.555555555555556e-06,
      1.6666666666666667e-05,
      1.6666666666666667e-05,
      1.6666666666666667e-05,
      5.555555555555556e-06,
      5.555555555555556e-05,
      3.888888888888889e-05,
      6.111111111111111e-05,
      6.111111111111111e-05,
      0.0001277777777777778,
      0.00016666666666666666,
      0.00015,
      0.00018888888888888888,
      0.0002666666666666667,
      0.0003611111111111111,
      0.00045,
      0.0005,
      0.0008,
      0.0009555555555555555,
      0.0012333333333333332,
      0.0015166666666666666,
      0.0020444444444444447,
      0.0026555555555555555,
      0.003661111111111111,
      0.004538888888888889,
      0.005722222222222222,
      0.007538888888888889,
      0.010811111111111112,
      0.013361111111111112,
      0.016905555555555556,
      0.022505555555555556,
      0.028333333333333332,
      0.034133333333333335,
      0.041555555555555554,
      0.048827777777777776,
      0.056155555555555556,
      0.061144444444444446,
      0.06669444444444445,
      0.07046111111111111,
      0.0716,
      0.07081666666666667,
      0.06642222222222222,
      0.06062777777777778,
      0.053705555555555555,
      0.046066666666666665,
      0.03610555555555556,
      0.028366666666666665,
      0.021388888888888888,
      0.01531111111111111,
      0.00998888888888889,
      0.006483333333333333,
      0.004011111111111111,
      0.0025166666666666666,
      0.0012,
      0.0007388888888888889,
      0.0002888888888888889,
      0.0001611111111111111,
      8.333333333333333e-05,
      2.777777777777778e-05,
      1.6666666666666667e-05,
      0.0,
      0.0,
      0.0,
      0.0,
      0.0,
      0.0,
      0.0,
      0.0,
      0.0,
      0.0,
      0.0,
      0.0,
      0.0
    ],
    "bin_edges": [
      0.5,
      1.5,
      2.5,
      3.5,
      4.5,
      5.5,
      6.5,
      7.5,
      8.5,
      9.5,
      10.5,
      11.5,
      12.5,
      13.5,
      14.5,
      15.5,
      16.5,
      17.5,
      18.5,
      19.5,
      20.5,
      21.5,
      22.5,
      23.5,
      24.5,
      25.5,
      26.5,
      27.5,
      28.5,
      29.5,
      30.5,
      31.5,
      32.5,
      33.5,
      34.5,
      35.5,
      36.5,
      37.5,
      38.5,
      39.5,
      40.5,
      41.5,
      42.5,
      43.5,
      44.5,
      45.5,
      46.5,
      47.5,
      48.5,
      49.5,
      50.5,
      51.5,
      52.5,
      53.5,
      54.5,
      55.5,
      56.5,
      57.5,
      58.5,
      59.5,
      60.5,
      61.5,
      62.5,
      63.5,
      64.5,
      65.5,
      66.5,
      67.5,
      68.5,
      69.5,
      70.5,
      71.5,
      72.5,
      73.5,
      74.5,
      75.5,
      76.5,
      77.5,
      78.5,
      79.5,
      80.5,
      81.5,
      82.5,
      83.5,
      84.5,
      85.5,
      86.5,
      87.5,
      88.5,
      89.5,
      90.5,
      91.5,
      92.5,
      93.5,
      94.5,
      95.5,
      96.5,
      97.5,
      98.5,
      99.5,
      100.5,
      101.5,
      102.5,
      103.5,
      104.5,
      105.5,
      106.5,
      107.5,
      108.5,
      109.5,
      110.5,
      111.5,
      112.5,
      113.5,
      114.5,
      115.5,
      116.5,
      117.5,
      118.5,
      119.5,
      120.5,
      121.5,
      122.5,
      123.5,
      124.5,
      125.5,
      126.5,
      127.5
    ],
    "hist_counts": [
      0,
      0,
      0,
      0,
      0,
      0,
      0,
      0,
      0,
      0,
      0,
      0,
      0,
      0,
      0,
      0,
      0,
      0,
      0,
      0,
      0,
      0,
      0,
      0,
      0,
      0,
      0,
      0,
      0,
      0,
      0,
      0,
      0,
      0,
      0,
      0,
      0,
      0,
      0,
      0,
      0,
      0,
      0,
      0,
      0,
      1,
      0,
      0,
      0,
      0,
      1,
      0,
      2,
      1,
      1,
      3,
      3,
      3,
      1,
      10,
      7,
      11,
      11,
      23,
      30,
      27,
      34,
      48,
      65,
      81,
      90,
      144,
      172,
      222,
      273,
      368,
      478,
      659,
      817,
      1030,
      1357,
      1946,
      2405,
      3043,
      4051,
      5100,
      6144,
      7480,
      8789,
      10108,
      11006,
      12005,
      12683,
      12888,
      12747,
      11956,
      10913,
      9667,
      8292,
      6499,
      5106,
      3850,
      2756,
      1798,
      1167,
      722,
      453,
      216,
      133,
      52,
      29,
      15,
      5,
      3,
      0,
      0,
      0,
      0,
      0,
      0,
      0,
      0,
      0,
      0,
      0,
      0,
      0
    ]
  },
  "cum_mse": {
    "0": 0.0,
    "1": 0.0,
    "2": 0.0,
    "3": 0.0,
    "4": 0.0,
    "5": 0.0,
    "6": 0.0
  },
  "weight_mse": {
    "0": 0.0,
    "1": 0.0,
    "2": 0.0,
    "3": 0.0,
    "4": 0.0,
    "5": 0.0,
    "6": 0.0
  }
}