{
  "MPS": {
    "theta": [
      0.0,
      0.02,
      0.04,
      0.06,
      0.08,
      0.1,
      0.12,
      0.14,
      0.16,
      0.18,
      0.2,
      0.22,
      0.24,
      0.26,
      0.28,
      0.3,
      0.32,
      0.34,
      0.36,
      0.38,
      0.4,
      0.42,
      0.44,
      0.46,
      0.48,
      0.5,
      0.52,
      0.54,
      0.55,
      0.56,
      0.58,
      0.6,
      0.62,
      0.64,
      0.65,
      0.66,
      0.68,
      0.7,
      0.72,
      0.74,
      0.75,
      0.76,
      0.78,
      0.8,
      0.82,
      0.84,
      0.85,
      0.86,
      0.88,
      0.9,
      0.92,
      0.94,
      0.95,
      0.96,
      0.98,
      1.0,
      1.02,
      1.04,
      1.05,
      1.06,
      1.08,
      1.1,
      1.12,
      1.14,
      1.15,
      1.16,
      1.18,
      1.2,
      1.22,
      1.24,
      1.25,
      1.26,
      1.28,
      1.3,
      1.32,
      1.34,
      1.35,
      1.36,
      1.38,
      1.4,
      1.42,
      1.45,
      1.5,
      1.55,
      1.5707
    ],
    "expect": [
      1.0,
      0.999988281040372,
      0.999824961270539,
      0.9992091323462776,
      0.9978645238740922,
      0.9957227034588199,
      0.9929672730002856,
      0.989895590521488,
      0.9866676316199947,
      0.9830888771127776,
      0.9785664855049524,
      0.9722861943641612,
      0.963534598438918,
      0.9520111534567898,
      0.9379825082592206,
      0.9222193930945262,
      0.9057682340434053,
      0.8896779873933119,
      0.8747863357385688,
      0.8615907146215674,
      0.8501646331406747,
      0.8401023737274622,
      0.8305381450986968,
      0.8203162934879888,
      0.8082909880516488,
      0.7936687410441802,
      0.77621978997035,
      0.7563533292092274,
      0.7457838239898469,
      0.7349939881514216,
      0.7133736042962917,
      0.6925297042070553,
      0.6729335948600413,
      0.6542253273899294,
      0.644851152002538,
      0.6352395191937675,
      0.6145805076343823,
      0.5911405899049547,
      0.5647860201354246,
      0.5363139502552058,
      0.5217264282118669,
      0.5071039503467165,
      0.4787421537491188,
      0.45198459171958943,
      0.42721448000960294,
      0.40384723138752876,
      0.3924970219244096,
      0.38122715529867524,
      0.358261371285176,
      0.3344800446176102,
      0.3096659869587051,
      0.2843313496329572,
      0.2717052065065515,
      0.25917003451142195,
      0.23476873899484071,
      0.21166788070731524,
      0.18965834494302222,
      0.16876790127360813,
      0.15860457922613935,
      0.14861112246918493,
      0.12951155281206458,
      0.11144269821714842,
      0.09495317205003417,
      0.07986174509368049,
      0.07282642157550351,
      0.06610857642737498,
      0.05424743302208238,
      0.044524988856584236,
      0.03657656624549607,
      0.03028381443006196,
      0.027626083262028853,
      0.025365503622361382,
      0.020948443373816798,
      0.01654024769337415,
      0.01291151270961697,
      0.016480454952125977,
      0.007777158525153622,
      0.0005833058109379874,
      -0.008052303805980342,
      -0.008552016312597291,
      -0.004593198889729289,
      -0.0006291070393567031,
      0.0005357356937010617,
      -1.629875153404993e-05,
      -1.2700884870663759e-05
    ]
  },
  "mitigated": {
    "theta": [
      0.0,
      0.1,
      0.2,
      0.3,
      0.4,
      0.5,
      0.6,
      0.7,
      0.8,
      1.0,
      1.5707
    ],
    "expect": [
      1.0242637892906044,
      1.0055958398955245,
      0.9553913689036251,
      0.9430706969095222,
      0.8369012238264547,
      0.8137350351739336,
      0.5449275650769987,
      0.4306514995913474,
      0.19878262661455465,
      0.016110400171309817,
      0.001461583783856263
    ],
    "err_lower": [
      0.03904687533701612,
      0.029931688057936556,
      0.037319027503918245,
      0.03785211549133405,
      0.044650640783192586,
      0.03938850730957366,
      0.038959938025279195,
      0.038790389733901975,
      0.035928108561547656,
      0.010638378049399747,
      0.010035664251654006
    ],
    "err_upper": [
      0.05663497803523354,
      0.042730746033328604,
      0.04881175038849461,
      0.04702847216311923,
      0.05218971520504723,
      0.05145694199543227,
      0.036476046063769196,
      0.04732369091555144,
      0.05138807909089782,
      0.016262993254501264,
      0.00963417277125997
    ],
    "exp_point": [
      1.0168885899596067,
      1.0038748336672971,
      0.9561588556424929,
      0.9596643467379465,
      0.839467630327344,
      0.8118590711547804,
      0.5464099544570664,
      0.455185839969086,
      0.19469376775026115,
      0.013018321146103315,
      0.010163339885627119
    ]
  }
}