{
  "L": 3,
  "weight_hist": {
    "hist_vals": [
      0.0001875,
      6.125e-05,
      5.625e-05,
      4.5e-05,
      5.5e-05,
      0.00010875,
      0.00016375,
      0.00029625,
      0.00062125,
      0.001385,
      0.0031175,
      0.0072625,
      0.01640375,
      0.03373875,
      0.062235,
      0.09966375,
      0.14040125,
      0.1679425,
      0.168425,
      0.13845375,
      0.09190875,
      0.0460225,
      0.0168925,
      0.00406125,
      0.00049125
    ],
    "bin_edges": [
      0.5,
      1.5,
      2.5,
      3.5,
      4.5,
      5.5,
      6.5,
      7.5,
      8.5,
      9.5,
      10.5,
      11.5,
      12.5,
      13.5,
      14.5,
      15.5,
      16.5,
      17.5,
      18.5,
      19.5,
      20.5,
      21.5,
      22.5,
      23.5,
      24.5,
      25.5
    ],
    "hist_counts": [
      150,
      49,
      45,
      36,
      44,
      87,
      131,
      237,
      497,
      1108,
      2494,
      5810,
      13123,
      26991,
      49788,
      79731,
      112321,
      134354,
      134740,
      110763,
      73527,
      36818,
      13514,
      3249,
      393
    ]
  },
  "cum_mse": {
    "0": 5.375e-05,
    "1": 5.125e-05,
    "2": 2e-05,
    "3": 1.25e-05,
    "4": 1.25e-06,
    "5": 1.25e-06,
    "6": 1.25e-06
  },
  "weight_mse": {
    "0": 0.0,
    "1": 4.375e-05,
    "2": 7.5e-06,
    "3": 1.25e-06,
    "4": 1.25e-06,
    "5": 0.0,
    "6": 0.0
  }
}