{
  "L": 4,
  "weight_hist": {
    "hist_vals": [
      3.3333333333333335e-05,
      6.666666666666667e-05,
      3.3333333333333335e-05,
      3.3333333333333335e-05,
      3.3333333333333335e-05,
      0.0,
      0.0,
      0.0001,
      0.0002666666666666667,
      0.0006333333333333333,
      0.0013666666666666666,
      0.0036,
      0.009033333333333334,
      0.0215,
      0.04803333333333333,
      0.08426666666666667,
      0.12826666666666667,
      0.16223333333333334,
      0.17936666666666667,
      0.15933333333333333,
      0.11233333333333333,
      0.060066666666666664,
      0.022133333333333335,
      0.006233333333333333,
      0.0010333333333333334
    ],
    "bin_edges": [
      0.5,
      1.5,
      2.5,
      3.5,
      4.5,
      5.5,
      6.5,
      7.5,
      8.5,
      9.5,
      10.5,
      11.5,
      12.5,
      13.5,
      14.5,
      15.5,
      16.5,
      17.5,
      18.5,
      19.5,
      20.5,
      21.5,
      22.5,
      23.5,
      24.5,
      25.5
    ],
    "hist_counts": [
      1,
      2,
      1,
      1,
      1,
      0,
      0,
      3,
      8,
      19,
      41,
      108,
      271,
      645,
      1441,
      2528,
      3848,
      4867,
      5381,
      4780,
      3370,
      1802,
      664,
      187,
      31
    ]
  },
  "cum_mse": {
    "0": 3.3333333333333335e-05,
    "1": 3.3333333333333335e-05,
    "2": 0.0,
    "3": 0.0,
    "4": 0.0,
    "5": 0.0,
    "6": 0.0
  },
  "weight_mse": {
    "0": 0.0,
    "1": 0.0,
    "2": 3.3333333333333335e-05,
    "3": 0.0,
    "4": 0.0,
    "5": 0.0,
    "6": 0.0
  }
}