{
  "L": 1,
  "weight_hist": {
    "hist_vals": [
      0.035444444444444445,
      0.012372222222222222,
      0.008883333333333333,
      0.009766666666666667,
      0.012777777777777779,
      0.01791111111111111,
      0.02567222222222222,
      0.03712777777777778,
      0.051472222222222225,
      0.06582777777777778,
      0.08356111111111111,
      0.09997222222222223,
      0.11132777777777778,
      0.11160555555555556,
      0.10353333333333334,
      0.08516111111111112,
      0.059866666666666665,
      0.03766111111111111,
      0.018816666666666666,
      0.007761111111111111,
      0.002661111111111111,
      0.0006555555555555556,
      0.00013333333333333334,
      2.777777777777778e-05,
      0.0
    ],
    "bin_edges": [
      0.5,
      1.5,
      2.5,
      3.5,
      4.5,
      5.5,
      6.5,
      7.5,
      8.5,
      9.5,
      10.5,
      11.5,
      12.5,
      13.5,
      14.5,
      15.5,
      16.5,
      17.5,
      18.5,
      19.5,
      20.5,
      21.5,
      22.5,
      23.5,
      24.5,
      25.5
    ],
    "hist_counts": [
      6380,
      2227,
      1599,
      1758,
      2300,
      3224,
      4621,
      6683,
      9265,
      11849,
      15041,
      17995,
      20039,
      20089,
      18636,
      15329,
      10776,
      6779,
      3387,
      1397,
      479,
      118,
      24,
      5,
      0
    ]
  },
  "cum_mse": {
    "0": 0.012422222222222222,
    "1": 0.010694444444444444,
    "2": 0.0005555555555555556,
    "3": 0.00024444444444444443,
    "4": 9.444444444444444e-05,
    "5": 3.3333333333333335e-05,
    "6": 1.6666666666666667e-05
  },
  "weight_mse": {
    "0": 0.0,
    "1": 0.011405555555555556,
    "2": 0.0007611111111111111,
    "3": 0.0001611111111111111,
    "4": 5.555555555555556e-05,
    "5": 1.6666666666666667e-05,
    "6": 5.555555555555556e-06
  }
}