{
  "L": 2,
  "weight_hist": {
    "hist_vals": [
      0.0026222222222222224,
      0.0009777777777777777,
      0.0009388888888888888,
      0.0006722222222222223,
      0.00085,
      0.0010277777777777778,
      0.0016222222222222222,
      0.0026944444444444446,
      0.004866666666666667,
      0.008255555555555556,
      0.013466666666666667,
      0.022766666666666668,
      0.03659444444444444,
      0.06016111111111111,
      0.08918333333333334,
      0.11936111111111111,
      0.1431888888888889,
      0.1521888888888889,
      0.13535,
      0.10192222222222222,
      0.06055555555555556,
      0.02835,
      0.00986111111111111,
      0.0023277777777777776,
      0.00019444444444444443
    ],
    "bin_edges": [
      0.5,
      1.5,
      2.5,
      3.5,
      4.5,
      5.5,
      6.5,
      7.5,
      8.5,
      9.5,
      10.5,
      11.5,
      12.5,
      13.5,
      14.5,
      15.5,
      16.5,
      17.5,
      18.5,
      19.5,
      20.5,
      21.5,
      22.5,
      23.5,
      24.5,
      25.5
    ],
    "hist_counts": [
      472,
      176,
      169,
      121,
      153,
      185,
      292,
      485,
      876,
      1486,
      2424,
      4098,
      6587,
      10829,
      16053,
      21485,
      25774,
      27394,
      24363,
      18346,
      10900,
      5103,
      1775,
      419,
      35
    ]
  },
  "cum_mse": {
    "0": 0.00145,
    "1": 0.00115,
    "2": 0.0003222222222222222,
    "3": 0.00013333333333333334,
    "4": 4.4444444444444447e-05,
    "5": 2.777777777777778e-05,
    "6": 1.1111111111111112e-05
  },
  "weight_mse": {
    "0": 0.0,
    "1": 0.00115,
    "2": 0.00019444444444444443,
    "3": 8.333333333333333e-05,
    "4": 1.1111111111111112e-05,
    "5": 5.555555555555556e-06,
    "6": 0.0
  }
}