{
  "L": 2,
  "weight_hist": {
    "hist_vals": [
      0.002116666666666667,
      0.0015466666666666667,
      0.00098,
      0.0008633333333333334,
      0.0009033333333333334,
      0.0010933333333333333,
      0.0015133333333333333,
      0.00226,
      0.003996666666666667,
      0.006416666666666667,
      0.01113,
      0.019043333333333332,
      0.032523333333333335,
      0.054123333333333336,
      0.08197,
      0.11515333333333333,
      0.14376,
      0.15534333333333333,
      0.14305666666666667,
      0.10846666666666667,
      0.06727666666666667,
      0.032503333333333335,
      0.011126666666666667,
      0.00262,
      0.00021333333333333333
    ],
    "bin_edges": [
      0.5,
      1.5,
      2.5,
      3.5,
      4.5,
      5.5,
      6.5,
      7.5,
      8.5,
      9.5,
      10.5,
      11.5,
      12.5,
      13.5,
      14.5,
      15.5,
      16.5,
      17.5,
      18.5,
      19.5,
      20.5,
      21.5,
      22.5,
      23.5,
      24.5,
      25.5
    ],
    "hist_counts": [
      635,
      464,
      294,
      259,
      271,
      328,
      454,
      678,
      1199,
      1925,
      3339,
      5713,
      9757,
      16237,
      24591,
      34546,
      43128,
      46603,
      42917,
      32540,
      20183,
      9751,
      3338,
      786,
      64
    ]
  },
  "cum_mse": {
    "0": 0.0009966666666666668,
    "1": 0.0006733333333333333,
    "2": 0.00031666666666666665,
    "3": 0.00013666666666666666,
    "4": 2e-05,
    "5": 6.666666666666667e-06,
    "6": 6.666666666666667e-06
  },
  "weight_mse": {
    "0": 0.0,
    "1": 0.00074,
    "2": 0.00019333333333333333,
    "3": 4e-05,
    "4": 2.3333333333333332e-05,
    "5": 0.0,
    "6": 0.0
  }
}