{
  "L": 3,
  "weight_hist": {
    "hist_vals": [
      0.00033266666666666666,
      0.000146,
      0.00011666666666666667,
      9.8e-05,
      0.00011,
      0.00013466666666666667,
      0.00018866666666666665,
      0.000372,
      0.0006106666666666667,
      0.0013326666666666667,
      0.002704,
      0.006030666666666667,
      0.013671333333333334,
      0.028272,
      0.05425133333333333,
      0.09146266666666666,
      0.13381533333333334,
      0.16651666666666667,
      0.17284133333333335,
      0.14761733333333332,
      0.101134,
      0.052918,
      0.020006,
      0.0047473333333333334,
      0.00057
    ],
    "bin_edges": [
      0.5,
      1.5,
      2.5,
      3.5,
      4.5,
      5.5,
      6.5,
      7.5,
      8.5,
      9.5,
      10.5,
      11.5,
      12.5,
      13.5,
      14.5,
      15.5,
      16.5,
      17.5,
      18.5,
      19.5,
      20.5,
      21.5,
      22.5,
      23.5,
      24.5,
      25.5
    ],
    "hist_counts": [
      499,
      219,
      175,
      147,
      165,
      202,
      283,
      558,
      916,
      1999,
      4056,
      9046,
      20507,
      42408,
      81377,
      137194,
      200723,
      249775,
      259262,
      221426,
      151701,
      79377,
      30009,
      7121,
      855
    ]
  },
  "cum_mse": {
    "0": 0.00015933333333333332,
    "1": 6.466666666666666e-05,
    "2": 3.1333333333333334e-05,
    "3": 1.6666666666666667e-05,
    "4": 2e-06,
    "5": 0.0,
    "6": 0.0
  },
  "weight_mse": {
    "0": 0.0,
    "1": 0.00013866666666666666,
    "2": 1.2666666666666667e-05,
    "3": 6.666666666666667e-06,
    "4": 1.3333333333333334e-06,
    "5": 0.0,
    "6": 0.0
  }
}