{
  "L": 20,
  "weight_hist": {
    "hist_vals": [
      1.818181818181818e-06,
      1.0909090909090909e-05,
      3.090909090909091e-05,
      6.0909090909090906e-05,
      8.636363636363636e-05,
      0.0001409090909090909,
      0.00018363636363636363,
      0.0002636363636363636,
      0.0003827272727272727,
      0.00045545454545454546,
      0.0006545454545454545,
      0.000760909090909091,
      0.0009609090909090909,
      0.0012109090909090908,
      0.0014327272727272728,
      0.001691818181818182,
      0.00213,
      0.002398181818181818,
      0.002949090909090909,
      0.0033945454545454543,
      0.004017272727272727,
      0.004592727272727273,
      0.0052372727272727276,
      0.006069090909090909,
      0.0070027272727272724,
      0.007771818181818182,
      0.008738181818181819,
      0.009944545454545454,
      0.010900909090909091,
      0.012115454545454546,
      0.012867272727272727,
      0.014404545454545455,
      0.015598181818181818,
      0.017147272727272726,
      0.018325454545454544,
      0.019713636363636364,
      0.020876363636363637,
      0.021987272727272727,
      0.02349909090909091,
      0.024737272727272726,
      0.02572090909090909,
      0.02666,
      0.02763090909090909,
      0.028511818181818183,
      0.028996363636363636,
      0.029519090909090908,
      0.02959818181818182,
      0.030046363636363635,
      0.029991818181818182,
      0.029885454545454545,
      0.029792727272727273,
      0.029183636363636363,
      0.028316363636363636,
      0.027725454545454546,
      0.027023636363636364,
      0.025967272727272728,
      0.024897272727272726,
      0.023346363636363637,
      0.02207818181818182,
      0.02084,
      0.019363636363636364,
      0.01784818181818182,
      0.01657818181818182,
      0.014954545454545455,
      0.013867272727272728,
      0.012258181818181817,
      0.011006363636363637,
      0.009630909090909091,
      0.008431818181818183,
      0.007350909090909091,
      0.006426363636363636,
      0.005648181818181818,
      0.004754545454545455,
      0.004113636363636364,
      0.0035754545454545453,
      0.0027418181818181816,
      0.002321818181818182,
      0.0019254545454545455,
      0.0015518181818181818,
      0.0011972727272727274,
      0.0009309090909090909,
      0.0007790909090909091,
      0.0005854545454545455,
      0.0004327272727272727,
      0.0003563636363636364,
      0.00024545454545454545,
      0.00019090909090909092,
      0.0001518181818181818,
      0.00010909090909090909,
      6.363636363636364e-05,
      4.090909090909091e-05,
      3.454545454545455e-05,
      1.8181818181818182e-05,
      1.3636363636363637e-05,
      1.3636363636363637e-05,
      4.5454545454545455e-06,
      9.09090909090909e-07,
      9.09090909090909e-07,
      9.09090909090909e-07,
      0.0,
      0.0,
      9.09090909090909e-07,
      0.0,
      0.0,
      0.0,
      0.0,
      0.0,
      0.0,
      0.0,
      0.0,
      0.0,
      0.0,
      0.0,
      0.0,
      0.0,
      0.0,
      0.0,
      0.0,
      0.0,
      0.0,
      0.0,
      0.0,
      0.0,
      0.0,
      0.0,
      0.0,
      0.0
    ],
    "bin_edges": [
      0.5,
      1.5,
      2.5,
      3.5,
      4.5,
      5.5,
      6.5,
      7.5,
      8.5,
      9.5,
      10.5,
      11.5,
      12.5,
      13.5,
      14.5,
      15.5,
      16.5,
      17.5,
      18.5,
      19.5,
      20.5,
      21.5,
      22.5,
      23.5,
      24.5,
      25.5,
      26.5,
      27.5,
      28.5,
      29.5,
      30.5,
      31.5,
      32.5,
      33.5,
      34.5,
      35.5,
      36.5,
      37.5,
      38.5,
      39.5,
      40.5,
      41.5,
      42.5,
      43.5,
      44.5,
      45.5,
      46.5,
      47.5,
      48.5,
      49.5,
      50.5,
      51.5,
      52.5,
      53.5,
      54.5,
      55.5,
      56.5,
      57.5,
      58.5,
      59.5,
      60.5,
      61.5,
      62.5,
      63.5,
      64.5,
      65.5,
      66.5,
      67.5,
      68.5,
      69.5,
      70.5,
      71.5,
      72.5,
      73.5,
      74.5,
      75.5,
      76.5,
      77.5,
      78.5,
      79.5,
      80.5,
      81.5,
      82.5,
      83.5,
      84.5,
      85.5,
      86.5,
      87.5,
      88.5,
      89.5,
      90.5,
      91.5,
      92.5,
      93.5,
      94.5,
      95.5,
      96.5,
      97.5,
      98.5,
      99.5,
      100.5,
      101.5,
      102.5,
      103.5,
      104.5,
      105.5,
      106.5,
      107.5,
      108.5,
      109.5,
      110.5,
      111.5,
      112.5,
      113.5,
      114.5,
      115.5,
      116.5,
      117.5,
      118.5,
      119.5,
      120.5,
      121.5,
      122.5,
      123.5,
      124.5,
      125.5,
      126.5,
      127.5
    ],
    "hist_counts": [
      2,
      12,
      34,
      67,
      95,
      155,
      202,
      290,
      421,
      501,
      720,
      837,
      1057,
      1332,
      1576,
      1861,
      2343,
      2638,
      3244,
      3734,
      4419,
      5052,
      5761,
      6676,
      7703,
      8549,
      9612,
      10939,
      11991,
      13327,
      14154,
      15845,
      17158,
      18862,
      20158,
      21685,
      22964,
      24186,
      25849,
      27211,
      28293,
      29326,
      30394,
      31363,
      31896,
      32471,
      32558,
      33051,
      32991,
      32874,
      32772,
      32102,
      31148,
      30498,
      29726,
      28564,
      27387,
      25681,
      24286,
      22924,
      21300,
      19633,
      18236,
      16450,
      15254,
      13484,
      12107,
      10594,
      9275,
      8086,
      7069,
      6213,
      5230,
      4525,
      3933,
      3016,
      2554,
      2118,
      1707,
      1317,
      1024,
      857,
      644,
      476,
      392,
      270,
      210,
      167,
      120,
      70,
      45,
      38,
      20,
      15,
      15,
      5,
      1,
      1,
      1,
      0,
      0,
      1,
      0,
      0,
      0,
      0,
      0,
      0,
      0,
      0,
      0,
      0,
      0,
      0,
      0,
      0,
      0,
      0,
      0,
      0,
      0,
      0,
      0,
      0,
      0,
      0,
      0
    ]
  },
  "cum_mse": {
    "0": 1.0909090909090909e-05,
    "1": 1.0909090909090909e-05,
    "2": 1.0909090909090909e-05,
    "3": 1.0909090909090909e-05,
    "4": 5.4545454545454545e-06,
    "5": 4.5454545454545455e-06,
    "6": 2.7272727272727272e-06
  },
  "weight_mse": {
    "0": 0.0,
    "1": 1.818181818181818e-06,
    "2": 0.0,
    "3": 8.181818181818181e-06,
    "4": 0.0,
    "5": 9.09090909090909e-07,
    "6": 0.0
  }
}