{
  "L": 25,
  "weight_hist": {
    "hist_vals": [
      0.0,
      6e-06,
      0.0,
      0.0,
      1.2e-05,
      1e-05,
      1.6e-05,
      1.6e-05,
      3e-05,
      3.6e-05,
      5.6e-05,
      6.4e-05,
      7.8e-05,
      0.000104,
      0.000146,
      0.00013,
      0.000176,
      0.00024,
      0.000284,
      0.000334,
      0.000416,
      0.000426,
      0.000578,
      0.000616,
      0.000826,
      0.000982,
      0.001174,
      0.00122,
      0.001532,
      0.001692,
      0.002046,
      0.00218,
      0.002554,
      0.003144,
      0.003378,
      0.003878,
      0.004374,
      0.004932,
      0.005562,
      0.006276,
      0.006716,
      0.007676,
      0.008438,
      0.009254,
      0.01019,
      0.011114,
      0.011996,
      0.01318,
      0.01447,
      0.015128,
      0.016554,
      0.017874,
      0.019262,
      0.020248,
      0.021494,
      0.022462,
      0.023814,
      0.024622,
      0.025996,
      0.026974,
      0.02817,
      0.028634,
      0.029056,
      0.029554,
      0.029854,
      0.03007,
      0.03026,
      0.03001,
      0.029762,
      0.029052,
      0.028302,
      0.027622,
      0.02641,
      0.024978,
      0.02411,
      0.022282,
      0.021284,
      0.019286,
      0.018444,
      0.016184,
      0.014826,
      0.013578,
      0.012222,
      0.010702,
      0.009064,
      0.007756,
      0.00667,
      0.00534,
      0.004404,
      0.003556,
      0.002986,
      0.002332,
      0.001848,
      0.00134,
      0.000936,
      0.000736,
      0.000494,
      0.000318,
      0.000212,
      0.000146,
      9.2e-05,
      4e-05,
      4.4e-05,
      3.4e-05,
      6e-06,
      6e-06,
      0.0,
      0.0,
      0.0,
      2e-06,
      0.0,
      0.0,
      0.0,
      0.0,
      0.0,
      0.0,
      0.0,
      0.0,
      0.0,
      0.0,
      0.0,
      0.0,
      0.0,
      0.0,
      0.0,
      0.0,
      0.0
    ],
    "bin_edges": [
      0.5,
      1.5,
      2.5,
      3.5,
      4.5,
      5.5,
      6.5,
      7.5,
      8.5,
      9.5,
      10.5,
      11.5,
      12.5,
      13.5,
      14.5,
      15.5,
      16.5,
      17.5,
      18.5,
      19.5,
      20.5,
      21.5,
      22.5,
      23.5,
      24.5,
      25.5,
      26.5,
      27.5,
      28.5,
      29.5,
      30.5,
      31.5,
      32.5,
      33.5,
      34.5,
      35.5,
      36.5,
      37.5,
      38.5,
      39.5,
      40.5,
      41.5,
      42.5,
      43.5,
      44.5,
      45.5,
      46.5,
      47.5,
      48.5,
      49.5,
      50.5,
      51.5,
      52.5,
      53.5,
      54.5,
      55.5,
      56.5,
      57.5,
      58.5,
      59.5,
      60.5,
      61.5,
      62.5,
      63.5,
      64.5,
      65.5,
      66.5,
      67.5,
      68.5,
      69.5,
      70.5,
      71.5,
      72.5,
      73.5,
      74.5,
      75.5,
      76.5,
      77.5,
      78.5,
      79.5,
      80.5,
      81.5,
      82.5,
      83.5,
      84.5,
      85.5,
      86.5,
      87.5,
      88.5,
      89.5,
      90.5,
      91.5,
      92.5,
      93.5,
      94.5,
      95.5,
      96.5,
      97.5,
      98.5,
      99.5,
      100.5,
      101.5,
      102.5,
      103.5,
      104.5,
      105.5,
      106.5,
      107.5,
      108.5,
      109.5,
      110.5,
      111.5,
      112.5,
      113.5,
      114.5,
      115.5,
      116.5,
      117.5,
      118.5,
      119.5,
      120.5,
      121.5,
      122.5,
      123.5,
      124.5,
      125.5,
      126.5,
      127.5
    ],
    "hist_counts": [
      0,
      3,
      0,
      0,
      6,
      5,
      8,
      8,
      15,
      18,
      28,
      32,
      39,
      52,
      73,
      65,
      88,
      120,
      142,
      167,
      208,
      213,
      289,
      308,
      413,
      491,
      587,
      610,
      766,
      846,
      1023,
      1090,
      1277,
      1572,
      1689,
      1939,
      2187,
      2466,
      2781,
      3138,
      3358,
      3838,
      4219,
      4627,
      5095,
      5557,
      5998,
      6590,
      7235,
      7564,
      8277,
      8937,
      9631,
      10124,
      10747,
      11231,
      11907,
      12311,
      12998,
      13487,
      14085,
      14317,
      14528,
      14777,
      14927,
      15035,
      15130,
      15005,
      14881,
      14526,
      14151,
      13811,
      13205,
      12489,
      12055,
      11141,
      10642,
      9643,
      9222,
      8092,
      7413,
      6789,
      6111,
      5351,
      4532,
      3878,
      3335,
      2670,
      2202,
      1778,
      1493,
      1166,
      924,
      670,
      468,
      368,
      247,
      159,
      106,
      73,
      46,
      20,
      22,
      17,
      3,
      3,
      0,
      0,
      0,
      1,
      0,
      0,
      0,
      0,
      0,
      0,
      0,
      0,
      0,
      0,
      0,
      0,
      0,
      0,
      0,
      0,
      0
    ]
  },
  "cum_mse": {
    "0": 0.0,
    "1": 0.0,
    "2": 0.0,
    "3": 0.0,
    "4": 0.0,
    "5": 0.0,
    "6": 0.0
  },
  "weight_mse": {
    "0": 0.0,
    "1": 0.0,
    "2": 0.0,
    "3": 0.0,
    "4": 0.0,
    "5": 0.0,
    "6": 0.0
  }
}