{
  "L": 15,
  "weight_hist": {
    "hist_vals": [
      4e-05,
      0.0001890909090909091,
      0.0004609090909090909,
      0.0007945454545454546,
      0.0011763636363636364,
      0.0017918181818181817,
      0.002567272727272727,
      0.0034727272727272727,
      0.004477272727272727,
      0.0054554545454545455,
      0.006798181818181818,
      0.008074545454545454,
      0.009582727272727272,
      0.011221818181818182,
      0.01306,
      0.014942727272727272,
      0.016946363636363638,
      0.018903636363636362,
      0.021002727272727274,
      0.023187272727272727,
      0.02515,
      0.026978181818181818,
      0.028774545454545455,
      0.030544545454545456,
      0.03237818181818182,
      0.033313636363636365,
      0.03444454545454546,
      0.03507363636363636,
      0.035837272727272725,
      0.03630727272727273,
      0.036134545454545454,
      0.036265454545454545,
      0.03546454545454546,
      0.03451909090909091,
      0.03342272727272727,
      0.03243,
      0.031205454545454547,
      0.029003636363636363,
      0.02770272727272727,
      0.025490909090909092,
      0.02396909090909091,
      0.02205909090909091,
      0.019992727272727273,
      0.01800909090909091,
      0.016107272727272727,
      0.01426,
      0.012871818181818182,
      0.011079090909090908,
      0.009504545454545455,
      0.008318181818181818,
      0.007025454545454546,
      0.005910909090909091,
      0.005100909090909091,
      0.004256363636363636,
      0.00341,
      0.0028172727272727273,
      0.002351818181818182,
      0.0018745454545454545,
      0.00151,
      0.0011727272727272728,
      0.00092,
      0.0007454545454545455,
      0.0005563636363636364,
      0.0004109090909090909,
      0.00031545454545454547,
      0.00025454545454545456,
      0.00019454545454545454,
      0.00011909090909090909,
      9.181818181818182e-05,
      7.09090909090909e-05,
      5.272727272727273e-05,
      2.818181818181818e-05,
      1.7272727272727274e-05,
      1.0909090909090909e-05,
      1.0909090909090909e-05,
      5.4545454545454545e-06,
      2.7272727272727272e-06,
      1.818181818181818e-06,
      1.818181818181818e-06,
      9.09090909090909e-07,
      0.0,
      9.09090909090909e-07,
      0.0,
      0.0,
      0.0,
      0.0,
      0.0,
      0.0,
      0.0,
      0.0,
      0.0,
      0.0,
      0.0,
      0.0,
      0.0,
      0.0,
      0.0,
      0.0,
      0.0,
      0.0,
      0.0,
      0.0,
      0.0,
      0.0,
      0.0,
      0.0,
      0.0,
      0.0,
      0.0,
      0.0,
      0.0,
      0.0,
      0.0,
      0.0,
      0.0,
      0.0,
      0.0,
      0.0,
      0.0,
      0.0,
      0.0,
      0.0,
      0.0,
      0.0,
      0.0,
      0.0,
      0.0
    ],
    "bin_edges": [
      0.5,
      1.5,
      2.5,
      3.5,
      4.5,
      5.5,
      6.5,
      7.5,
      8.5,
      9.5,
      10.5,
      11.5,
      12.5,
      13.5,
      14.5,
      15.5,
      16.5,
      17.5,
      18.5,
      19.5,
      20.5,
      21.5,
      22.5,
      23.5,
      24.5,
      25.5,
      26.5,
      27.5,
      28.5,
      29.5,
      30.5,
      31.5,
      32.5,
      33.5,
      34.5,
      35.5,
      36.5,
      37.5,
      38.5,
      39.5,
      40.5,
      41.5,
      42.5,
      43.5,
      44.5,
      45.5,
      46.5,
      47.5,
      48.5,
      49.5,
      50.5,
      51.5,
      52.5,
      53.5,
      54.5,
      55.5,
      56.5,
      57.5,
      58.5,
      59.5,
      60.5,
      61.5,
      62.5,
      63.5,
      64.5,
      65.5,
      66.5,
      67.5,
      68.5,
      69.5,
      70.5,
      71.5,
      72.5,
      73.5,
      74.5,
      75.5,
      76.5,
      77.5,
      78.5,
      79.5,
      80.5,
      81.5,
      82.5,
      83.5,
      84.5,
      85.5,
      86.5,
      87.5,
      88.5,
      89.5,
      90.5,
      91.5,
      92.5,
      93.5,
      94.5,
      95.5,
      96.5,
      97.5,
      98.5,
      99.5,
      100.5,
      101.5,
      102.5,
      103.5,
      104.5,
      105.5,
      106.5,
      107.5,
      108.5,
      109.5,
      110.5,
      111.5,
      112.5,
      113.5,
      114.5,
      115.5,
      116.5,
      117.5,
      118.5,
      119.5,
      120.5,
      121.5,
      122.5,
      123.5,
      124.5,
      125.5,
      126.5,
      127.5
    ],
    "hist_counts": [
      44,
      208,
      507,
      874,
      1294,
      1971,
      2824,
      3820,
      4925,
      6001,
      7478,
      8882,
      10541,
      12344,
      14366,
      16437,
      18641,
      20794,
      23103,
      25506,
      27665,
      29676,
      31652,
      33599,
      35616,
      36645,
      37889,
      38581,
      39421,
      39938,
      39748,
      39892,
      39011,
      37971,
      36765,
      35673,
      34326,
      31904,
      30473,
      28040,
      26366,
      24265,
      21992,
      19810,
      17718,
      15686,
      14159,
      12187,
      10455,
      9150,
      7728,
      6502,
      5611,
      4682,
      3751,
      3099,
      2587,
      2062,
      1661,
      1290,
      1012,
      820,
      612,
      452,
      347,
      280,
      214,
      131,
      101,
      78,
      58,
      31,
      19,
      12,
      12,
      6,
      3,
      2,
      2,
      1,
      0,
      1,
      0,
      0,
      0,
      0,
      0,
      0,
      0,
      0,
      0,
      0,
      0,
      0,
      0,
      0,
      0,
      0,
      0,
      0,
      0,
      0,
      0,
      0,
      0,
      0,
      0,
      0,
      0,
      0,
      0,
      0,
      0,
      0,
      0,
      0,
      0,
      0,
      0,
      0,
      0,
      0,
      0,
      0,
      0,
      0,
      0
    ]
  },
  "cum_mse": {
    "0": 0.0,
    "1": 0.0,
    "2": 0.0,
    "3": 0.0,
    "4": 0.0,
    "5": 0.0,
    "6": 0.0
  },
  "weight_mse": {
    "0": 0.0,
    "1": 0.0,
    "2": 0.0,
    "3": 0.0,
    "4": 0.0,
    "5": 0.0,
    "6": 0.0
  }
}