{
  "L": 10,
  "weight_hist": {
    "hist_vals": [
      0.0007145454545454546,
      0.0017181818181818181,
      0.007095454545454545,
      0.01010909090909091,
      0.014275454545454546,
      0.020550909090909092,
      0.02659,
      0.03206454545454546,
      0.03801636363636364,
      0.04320090909090909,
      0.04747545454545454,
      0.05088909090909091,
      0.053445454545454546,
      0.05524909090909091,
      0.056144545454545454,
      0.05534454545454545,
      0.054032727272727274,
      0.05191272727272727,
      0.04907909090909091,
      0.04608,
      0.04209090909090909,
      0.0382,
      0.03397454545454545,
      0.029943636363636363,
      0.02606909090909091,
      0.022330909090909092,
      0.019033636363636364,
      0.015855454545454544,
      0.012899090909090909,
      0.010501818181818182,
      0.008357272727272727,
      0.006719090909090909,
      0.005125454545454546,
      0.004108181818181818,
      0.0029845454545454546,
      0.0022427272727272725,
      0.0017127272727272727,
      0.0012154545454545454,
      0.0008527272727272727,
      0.0006109090909090909,
      0.0003836363636363636,
      0.00028727272727272727,
      0.00017545454545454545,
      0.00013363636363636363,
      8.181818181818182e-05,
      5.272727272727273e-05,
      2.7272727272727273e-05,
      1.4545454545454545e-05,
      1e-05,
      7.272727272727272e-06,
      6.363636363636363e-06,
      9.09090909090909e-07,
      2.7272727272727272e-06,
      0.0,
      0.0,
      0.0,
      0.0,
      0.0,
      0.0,
      0.0,
      0.0,
      0.0,
      0.0,
      0.0,
      0.0,
      0.0,
      0.0,
      0.0,
      0.0,
      0.0,
      0.0,
      0.0,
      0.0,
      0.0,
      0.0,
      0.0,
      0.0,
      0.0,
      0.0,
      0.0,
      0.0,
      0.0,
      0.0,
      0.0,
      0.0,
      0.0,
      0.0,
      0.0,
      0.0,
      0.0,
      0.0,
      0.0,
      0.0,
      0.0,
      0.0,
      0.0,
      0.0,
      0.0,
      0.0,
      0.0,
      0.0,
      0.0,
      0.0,
      0.0,
      0.0,
      0.0,
      0.0,
      0.0,
      0.0,
      0.0,
      0.0,
      0.0,
      0.0,
      0.0,
      0.0,
      0.0,
      0.0,
      0.0,
      0.0,
      0.0,
      0.0,
      0.0,
      0.0,
      0.0,
      0.0,
      0.0,
      0.0
    ],
    "bin_edges": [
      0.5,
      1.5,
      2.5,
      3.5,
      4.5,
      5.5,
      6.5,
      7.5,
      8.5,
      9.5,
      10.5,
      11.5,
      12.5,
      13.5,
      14.5,
      15.5,
      16.5,
      17.5,
      18.5,
      19.5,
      20.5,
      21.5,
      22.5,
      23.5,
      24.5,
      25.5,
      26.5,
      27.5,
      28.5,
      29.5,
      30.5,
      31.5,
      32.5,
      33.5,
      34.5,
      35.5,
      36.5,
      37.5,
      38.5,
      39.5,
      40.5,
      41.5,
      42.5,
      43.5,
      44.5,
      45.5,
      46.5,
      47.5,
      48.5,
      49.5,
      50.5,
      51.5,
      52.5,
      53.5,
      54.5,
      55.5,
      56.5,
      57.5,
      58.5,
      59.5,
      60.5,
      61.5,
      62.5,
      63.5,
      64.5,
      65.5,
      66.5,
      67.5,
      68.5,
      69.5,
      70.5,
      71.5,
      72.5,
      73.5,
      74.5,
      75.5,
      76.5,
      77.5,
      78.5,
      79.5,
      80.5,
      81.5,
      82.5,
      83.5,
      84.5,
      85.5,
      86.5,
      87.5,
      88.5,
      89.5,
      90.5,
      91.5,
      92.5,
      93.5,
      94.5,
      95.5,
      96.5,
      97.5,
      98.5,
      99.5,
      100.5,
      101.5,
      102.5,
      103.5,
      104.5,
      105.5,
      106.5,
      107.5,
      108.5,
      109.5,
      110.5,
      111.5,
      112.5,
      113.5,
      114.5,
      115.5,
      116.5,
      117.5,
      118.5,
      119.5,
      120.5,
      121.5,
      122.5,
      123.5,
      124.5,
      125.5,
      126.5,
      127.5
    ],
    "hist_counts": [
      786,
      1890,
      7805,
      11120,
      15703,
      22606,
      29249,
      35271,
      41818,
      47521,
      52223,
      55978,
      58790,
      60774,
      61759,
      60879,
      59436,
      57104,
      53987,
      50688,
      46300,
      42020,
      37372,
      32938,
      28676,
      24564,
      20937,
      17441,
      14189,
      11552,
      9193,
      7391,
      5638,
      4519,
      3283,
      2467,
      1884,
      1337,
      938,
      672,
      422,
      316,
      193,
      147,
      90,
      58,
      30,
      16,
      11,
      8,
      7,
      1,
      3,
      0,
      0,
      0,
      0,
      0,
      0,
      0,
      0,
      0,
      0,
      0,
      0,
      0,
      0,
      0,
      0,
      0,
      0,
      0,
      0,
      0,
      0,
      0,
      0,
      0,
      0,
      0,
      0,
      0,
      0,
      0,
      0,
      0,
      0,
      0,
      0,
      0,
      0,
      0,
      0,
      0,
      0,
      0,
      0,
      0,
      0,
      0,
      0,
      0,
      0,
      0,
      0,
      0,
      0,
      0,
      0,
      0,
      0,
      0,
      0,
      0,
      0,
      0,
      0,
      0,
      0,
      0,
      0,
      0,
      0,
      0,
      0,
      0,
      0
    ]
  },
  "cum_mse": {
    "0": 0.0018572727272727274,
    "1": 0.0018272727272727273,
    "2": 0.0017636363636363637,
    "3": 0.0015727272727272727,
    "4": 0.0007890909090909091,
    "5": 0.0003036363636363636,
    "6": 0.00011363636363636364
  },
  "weight_mse": {
    "0": 0.0,
    "1": 0.0007145454545454546,
    "2": 0.0,
    "3": 0.0010872727272727273,
    "4": 0.0,
    "5": 4.818181818181818e-05,
    "6": 0.0
  }
}