{
  "prop_time": {
    "1": [
      0.039513587951660156
    ],
    "2": [
      0.7139909267425537
    ],
    "3": [
      33.03848457336426
    ],
    "4": [
      1020.455171585083
    ]
  },
  "exp_time": {
    "1": [
      0.0
    ],
    "2": [
      0.0029993057250976562
    ],
    "3": [
      0.10052156448364258
    ],
    "4": [
      2.090670347213745
    ]
  },
  "expectation": {
    "1": [
      0.00553927851466067
    ],
    "2": [
      -0.0287104549240998
    ],
    "3": [
      -0.007259746158210531
    ],
    "4": [
      0.0023323937013359926
    ]
  }
}