{
  "L": 1,
  "weight_hist": {
    "hist_vals": [
      0.07795666666666666,
      0.054496666666666665,
      0.01772666666666667,
      0.012966666666666666,
      0.012263333333333333,
      0.012216666666666667,
      0.012903333333333333,
      0.016576666666666667,
      0.022693333333333333,
      0.031156666666666666,
      0.04434333333333333,
      0.057286666666666666,
      0.07160333333333334,
      0.08377,
      0.09278666666666667,
      0.09499,
      0.08916333333333333,
      0.07494,
      0.05580333333333334,
      0.035813333333333336,
      0.018316666666666665,
      0.0074466666666666665,
      0.00225,
      0.0005033333333333333,
      2.6666666666666667e-05
    ],
    "bin_edges": [
      0.5,
      1.5,
      2.5,
      3.5,
      4.5,
      5.5,
      6.5,
      7.5,
      8.5,
      9.5,
      10.5,
      11.5,
      12.5,
      13.5,
      14.5,
      15.5,
      16.5,
      17.5,
      18.5,
      19.5,
      20.5,
      21.5,
      22.5,
      23.5,
      24.5,
      25.5
    ],
    "hist_counts": [
      23387,
      16349,
      5318,
      3890,
      3679,
      3665,
      3871,
      4973,
      6808,
      9347,
      13303,
      17186,
      21481,
      25131,
      27836,
      28497,
      26749,
      22482,
      16741,
      10744,
      5495,
      2234,
      675,
      151,
      8
    ]
  },
  "cum_mse": {
    "0": 0.03218,
    "1": 0.007566666666666667,
    "2": 0.0011233333333333334,
    "3": 0.0003066666666666667,
    "4": 0.00013666666666666666,
    "5": 7e-05,
    "6": 3.3333333333333335e-05
  },
  "weight_mse": {
    "0": 0.0,
    "1": 0.027753333333333335,
    "2": 0.00394,
    "3": 0.0003266666666666667,
    "4": 9e-05,
    "5": 3.3333333333333335e-05,
    "6": 1e-05
  }
}