{
  "L": 2,
  "weight_hist": {
    "hist_vals": [
      0.002448,
      0.001126,
      0.00115,
      0.000946,
      0.000866,
      0.001126,
      0.001452,
      0.002186,
      0.003634,
      0.006174,
      0.01058,
      0.017994,
      0.03085,
      0.05121,
      0.079302,
      0.11158,
      0.141504,
      0.154208,
      0.146192,
      0.11342,
      0.071396,
      0.035042,
      0.012498,
      0.002834,
      0.000282
    ],
    "bin_edges": [
      0.5,
      1.5,
      2.5,
      3.5,
      4.5,
      5.5,
      6.5,
      7.5,
      8.5,
      9.5,
      10.5,
      11.5,
      12.5,
      13.5,
      14.5,
      15.5,
      16.5,
      17.5,
      18.5,
      19.5,
      20.5,
      21.5,
      22.5,
      23.5,
      24.5,
      25.5
    ],
    "hist_counts": [
      1224,
      563,
      575,
      473,
      433,
      563,
      726,
      1093,
      1817,
      3087,
      5290,
      8997,
      15425,
      25605,
      39651,
      55790,
      70752,
      77104,
      73096,
      56710,
      35698,
      17521,
      6249,
      1417,
      141
    ]
  },
  "cum_mse": {
    "0": 0.000954,
    "1": 0.000738,
    "2": 0.00042,
    "3": 0.00029,
    "4": 2.2e-05,
    "5": 1e-05,
    "6": 4e-06
  },
  "weight_mse": {
    "0": 0.0,
    "1": 0.000798,
    "2": 0.00011,
    "3": 3.4e-05,
    "4": 4e-06,
    "5": 6e-06,
    "6": 2e-06
  }
}