{
  "L": 2,
  "weight_hist": {
    "hist_vals": [
      0.00354,
      0.00088,
      0.0005,
      0.0006,
      0.00055,
      0.00093,
      0.00106,
      0.00208,
      0.00319,
      0.00554,
      0.00951,
      0.01658,
      0.02824,
      0.04864,
      0.07726,
      0.11106,
      0.14286,
      0.1553,
      0.14932,
      0.11542,
      0.07521,
      0.03544,
      0.01307,
      0.00294,
      0.00028
    ],
    "bin_edges": [
      0.5,
      1.5,
      2.5,
      3.5,
      4.5,
      5.5,
      6.5,
      7.5,
      8.5,
      9.5,
      10.5,
      11.5,
      12.5,
      13.5,
      14.5,
      15.5,
      16.5,
      17.5,
      18.5,
      19.5,
      20.5,
      21.5,
      22.5,
      23.5,
      24.5,
      25.5
    ],
    "hist_counts": [
      354,
      88,
      50,
      60,
      55,
      93,
      106,
      208,
      319,
      554,
      951,
      1658,
      2824,
      4864,
      7726,
      11106,
      14286,
      15530,
      14932,
      11542,
      7521,
      3544,
      1307,
      294,
      28
    ]
  },
  "cum_mse": {
    "0": 0.00061,
    "1": 0.00042,
    "2": 0.00012,
    "3": 5e-05,
    "4": 3e-05,
    "5": 1e-05,
    "6": 0.0
  },
  "weight_mse": {
    "0": 0.0,
    "1": 0.00041,
    "2": 0.00017,
    "3": 3e-05,
    "4": 0.0,
    "5": 0.0,
    "6": 0.0
  }
}