{
  "prop_time": {
    "1": [
      0.024213075637817383
    ],
    "2": [
      0.25444602966308594
    ],
    "3": [
      6.901510238647461
    ],
    "4": [
      141.44748163223267
    ]
  },
  "exp_time": {
    "1": [
      0.0
    ],
    "2": [
      0.001558065414428711
    ],
    "3": [
      0.06853604316711426
    ],
    "4": [
      1.2957720756530762
    ]
  },
  "expectation": {
    "1": [
      0.03820578975211003
    ],
    "2": [
      0.041194359971716416
    ],
    "3": [
      0.03350412664325508
    ],
    "4": [
      0.01583010795099243
    ]
  }
}