{
  "L": 4,
  "weight_hist": {
    "hist_vals": [
      9.95e-05,
      3.55e-05,
      2.15e-05,
      2.5e-05,
      3.65e-05,
      4.4e-05,
      8.35e-05,
      0.0001515,
      0.0003275,
      0.0007005,
      0.001701,
      0.004431,
      0.010675,
      0.0245135,
      0.0493965,
      0.08681,
      0.130436,
      0.1668365,
      0.1770275,
      0.1545745,
      0.1071665,
      0.057314,
      0.0217265,
      0.0052815,
      0.000585
    ],
    "bin_edges": [
      0.5,
      1.5,
      2.5,
      3.5,
      4.5,
      5.5,
      6.5,
      7.5,
      8.5,
      9.5,
      10.5,
      11.5,
      12.5,
      13.5,
      14.5,
      15.5,
      16.5,
      17.5,
      18.5,
      19.5,
      20.5,
      21.5,
      22.5,
      23.5,
      24.5,
      25.5
    ],
    "hist_counts": [
      199,
      71,
      43,
      50,
      73,
      88,
      167,
      303,
      655,
      1401,
      3402,
      8862,
      21350,
      49027,
      98793,
      173620,
      260872,
      333673,
      354055,
      309149,
      214333,
      114628,
      43453,
      10563,
      1170
    ]
  },
  "cum_mse": {
    "0": 2.95e-05,
    "1": 2.95e-05,
    "2": 1.55e-05,
    "3": 7.5e-06,
    "4": 1.5e-06,
    "5": 1e-06,
    "6": 1e-06
  },
  "weight_mse": {
    "0": 0.0,
    "1": 2.2e-05,
    "2": 6e-06,
    "3": 1e-06,
    "4": 5e-07,
    "5": 0.0,
    "6": 0.0
  }
}