{
  "L": 2,
  "weight_hist": {
    "hist_vals": [
      0.01005,
      0.00265,
      0.00145,
      0.0021,
      0.0018,
      0.00175,
      0.00375,
      0.00505,
      0.00605,
      0.00955,
      0.0173,
      0.0233,
      0.03675,
      0.05675,
      0.08445,
      0.109,
      0.13785,
      0.1451,
      0.1365,
      0.10295,
      0.06215,
      0.0305,
      0.0105,
      0.0026,
      0.0001
    ],
    "bin_edges": [
      0.5,
      1.5,
      2.5,
      3.5,
      4.5,
      5.5,
      6.5,
      7.5,
      8.5,
      9.5,
      10.5,
      11.5,
      12.5,
      13.5,
      14.5,
      15.5,
      16.5,
      17.5,
      18.5,
      19.5,
      20.5,
      21.5,
      22.5,
      23.5,
      24.5,
      25.5
    ],
    "hist_counts": [
      201,
      53,
      29,
      42,
      36,
      35,
      75,
      101,
      121,
      191,
      346,
      466,
      735,
      1135,
      1689,
      2180,
      2757,
      2902,
      2730,
      2059,
      1243,
      610,
      210,
      52,
      2
    ]
  },
  "cum_mse": {
    "0": 0.008,
    "1": 0.0009,
    "2": 0.00015,
    "3": 0.0001,
    "4": 5e-05,
    "5": 0.0,
    "6": 0.0
  },
  "weight_mse": {
    "0": 0.0,
    "1": 0.00775,
    "2": 0.0002,
    "3": 5e-05,
    "4": 0.0,
    "5": 0.0,
    "6": 0.0
  }
}