{
  "prop_time": {
    "1": [
      0.050681352615356445
    ],
    "2": [
      1.6811695098876953
    ],
    "3": [
      101.98401737213135
    ],
    "4": [
      3053.0209074020386
    ]
  },
  "exp_time": {
    "1": [
      0.0
    ],
    "2": [
      0.0020189285278320312
    ],
    "3": [
      0.10224747657775879
    ],
    "4": [
      1.9109549522399902
    ]
  },
  "expectation": {
    "1": [
      5.261003606425418e-05
    ],
    "2": [
      -0.0011225675767555375
    ],
    "3": [
      -0.0023049501022679364
    ],
    "4": [
      -0.002797251537515757
    ]
  }
}