{
  "weight_mse": {
    "0": [
      0.0,
      0.0,
      0.0,
      0.0
    ],
    "1": [
      0.02394,
      0.000545,
      3.4e-05,
      2e-06
    ],
    "2": [
      0.00292,
      0.0002,
      5e-06,
      0.0
    ],
    "3": [
      0.000195,
      7.9e-05,
      1e-06,
      0.0
    ],
    "4": [
      5e-05,
      3.9e-05,
      1e-06,
      1e-06
    ],
    "5": [
      3e-05,
      1.2e-05,
      0.0,
      0.0
    ],
    "6": [
      1.5e-05,
      5e-06,
      0.0,
      0.0
    ]
  },
  "cum_mse": {
    "0": [
      0.027155,
      0.000881,
      4.1e-05,
      3e-06
    ],
    "1": [
      0.01752,
      0.000738,
      4.1e-05,
      3e-06
    ],
    "2": [
      0.001995,
      0.000401,
      1.8e-05,
      2e-06
    ],
    "3": [
      0.00034,
      0.000286,
      9e-06,
      2e-06
    ],
    "4": [
      9.5e-05,
      0.000114,
      0.0,
      1e-06
    ],
    "5": [
      4e-05,
      3.7e-05,
      0.0,
      1e-06
    ],
    "6": [
      1.5e-05,
      6e-06,
      0.0,
      1e-06
    ]
  },
  "weight_hist": {
    "1": {
      "hist_vals": [
        0.03083,
        0.01382,
        0.00804,
        0.008445,
        0.0127,
        0.019515,
        0.030625,
        0.04388,
        0.06004,
        0.079935,
        0.098675,
        0.112495,
        0.11624,
        0.109815,
        0.091985,
        0.07028,
        0.04623,
        0.02561,
        0.01267,
        0.005755,
        0.001865,
        0.000465,
        8.5e-05,
        0.0,
        0.0
      ],
      "bin_edges": [
        0.5,
        1.5,
        2.5,
        3.5,
        4.5,
        5.5,
        6.5,
        7.5,
        8.5,
        9.5,
        10.5,
        11.5,
        12.5,
        13.5,
        14.5,
        15.5,
        16.5,
        17.5,
        18.5,
        19.5,
        20.5,
        21.5,
        22.5,
        23.5,
        24.5,
        25.5
      ]
    },
    "2": {
      "hist_vals": [
        0.003885,
        0.00218,
        0.001839,
        0.001319,
        0.001392,
        0.001798,
        0.002481,
        0.003881,
        0.006463,
        0.010341,
        0.016638,
        0.026596,
        0.041731,
        0.063065,
        0.09009,
        0.11844,
        0.140203,
        0.1454,
        0.129015,
        0.096253,
        0.057975,
        0.027254,
        0.009459,
        0.002072,
        0.00023
      ],
      "bin_edges": [
        0.5,
        1.5,
        2.5,
        3.5,
        4.5,
        5.5,
        6.5,
        7.5,
        8.5,
        9.5,
        10.5,
        11.5,
        12.5,
        13.5,
        14.5,
        15.5,
        16.5,
        17.5,
        18.5,
        19.5,
        20.5,
        21.5,
        22.5,
        23.5,
        24.5,
        25.5
      ]
    },
    "3": {
      "hist_vals": [
        0.000107,
        5.5e-05,
        5.4e-05,
        3.3e-05,
        5.3e-05,
        8.3e-05,
        0.000124,
        0.000224,
        0.00045,
        0.000976,
        0.002254,
        0.005519,
        0.012992,
        0.027905,
        0.053904,
        0.091548,
        0.133321,
        0.166777,
        0.174845,
        0.14863,
        0.101803,
        0.052941,
        0.019959,
        0.00487,
        0.000573
      ],
      "bin_edges": [
        0.5,
        1.5,
        2.5,
        3.5,
        4.5,
        5.5,
        6.5,
        7.5,
        8.5,
        9.5,
        10.5,
        11.5,
        12.5,
        13.5,
        14.5,
        15.5,
        16.5,
        17.5,
        18.5,
        19.5,
        20.5,
        21.5,
        22.5,
        23.5,
        24.5,
        25.5
      ]
    },
    "4": {
      "hist_vals": [
        1.1e-05,
        3e-06,
        9e-06,
        6e-06,
        4e-06,
        9e-06,
        1.5e-05,
        4.2e-05,
        8.9e-05,
        0.000284,
        0.000975,
        0.002952,
        0.008201,
        0.020239,
        0.04372,
        0.080139,
        0.125922,
        0.165377,
        0.181604,
        0.161874,
        0.114977,
        0.062697,
        0.024127,
        0.005978,
        0.000746
      ],
      "bin_edges": [
        0.5,
        1.5,
        2.5,
        3.5,
        4.5,
        5.5,
        6.5,
        7.5,
        8.5,
        9.5,
        10.5,
        11.5,
        12.5,
        13.5,
        14.5,
        15.5,
        16.5,
        17.5,
        18.5,
        19.5,
        20.5,
        21.5,
        22.5,
        23.5,
        24.5,
        25.5
      ]
    }
  }
}