{
  "prop_time": {
    "1": [
      0.03005504608154297
    ],
    "2": [
      1.1916000843048096
    ],
    "3": [
      64.90336871147156
    ],
    "4": [
      1949.3965992927551
    ]
  },
  "exp_time": {
    "1": [
      0.0
    ],
    "2": [
      0.0020186901092529297
    ],
    "3": [
      0.10472607612609863
    ],
    "4": [
      1.9796950817108154
    ]
  },
  "expectation": {
    "1": [
      -0.003221377973891511
    ],
    "2": [
      0.0018569940633764125
    ],
    "3": [
      0.0006848162060981068
    ],
    "4": [
      0.0073086525281887745
    ]
  }
}