{
  "L": 6,
  "weight_hist": {
    "hist_vals": [
      0.0,
      0.0,
      0.0,
      0.0,
      0.0,
      0.0,
      0.0,
      0.0,
      0.0,
      0.0,
      0.0,
      1e-05,
      0.0,
      0.0,
      0.0,
      0.0,
      0.0001,
      0.00022,
      0.00071,
      0.00198,
      0.00546,
      0.01205,
      0.02524,
      0.04741,
      0.07501,
      0.10921,
      0.13669,
      0.15045,
      0.14657,
      0.12359,
      0.08374,
      0.04809,
      0.02284,
      0.00837,
      0.00193,
      0.00033,
      0.0
    ],
    "bin_edges": [
      -0.5,
      0.5,
      1.5,
      2.5,
      3.5,
      4.5,
      5.5,
      6.5,
      7.5,
      8.5,
      9.5,
      10.5,
      11.5,
      12.5,
      13.5,
      14.5,
      15.5,
      16.5,
      17.5,
      18.5,
      19.5,
      20.5,
      21.5,
      22.5,
      23.5,
      24.5,
      25.5,
      26.5,
      27.5,
      28.5,
      29.5,
      30.5,
      31.5,
      32.5,
      33.5,
      34.5,
      35.5,
      36.5
    ],
    "hist_counts": [
      0,
      0,
      0,
      0,
      0,
      0,
      0,
      0,
      0,
      0,
      0,
      1,
      0,
      0,
      0,
      0,
      10,
      22,
      71,
      198,
      546,
      1205,
      2524,
      4741,
      7501,
      10921,
      13669,
      15045,
      14657,
      12359,
      8374,
      4809,
      2284,
      837,
      193,
      33,
      0
    ]
  },
  "MSE": {
    "0": 0.0,
    "1": 0.0,
    "2": 0.0,
    "3": 0.0,
    "4": 0.0,
    "5": 0.0,
    "6": 0.0
  },
  "Var": {
    "0": 0.0,
    "1": 0.0,
    "2": 0.0,
    "3": 0.0,
    "4": 0.0,
    "5": 0.0,
    "6": 0.0
  }
}