{
  "L": 3,
  "weight_hist": {
    "hist_vals": [
      0.00018,
      8e-05,
      4e-05,
      4e-05,
      0.0,
      6e-05,
      4e-05,
      4e-05,
      2e-05,
      0.0001,
      2e-05,
      0.0002,
      0.00024,
      0.0003,
      0.00054,
      0.00088,
      0.00162,
      0.00304,
      0.006,
      0.01166,
      0.02102,
      0.03762,
      0.06098,
      0.08934,
      0.11936,
      0.14024,
      0.14488,
      0.13056,
      0.10092,
      0.0696,
      0.03646,
      0.01642,
      0.0057,
      0.00152,
      0.00028,
      0.0
    ],
    "bin_edges": [
      0.5,
      1.5,
      2.5,
      3.5,
      4.5,
      5.5,
      6.5,
      7.5,
      8.5,
      9.5,
      10.5,
      11.5,
      12.5,
      13.5,
      14.5,
      15.5,
      16.5,
      17.5,
      18.5,
      19.5,
      20.5,
      21.5,
      22.5,
      23.5,
      24.5,
      25.5,
      26.5,
      27.5,
      28.5,
      29.5,
      30.5,
      31.5,
      32.5,
      33.5,
      34.5,
      35.5,
      36.5
    ],
    "hist_counts": [
      9,
      4,
      2,
      2,
      0,
      3,
      2,
      2,
      1,
      5,
      1,
      10,
      12,
      15,
      27,
      44,
      81,
      152,
      300,
      583,
      1051,
      1881,
      3049,
      4467,
      5968,
      7012,
      7244,
      6528,
      5046,
      3480,
      1823,
      821,
      285,
      76,
      14,
      0
    ]
  },
  "cum_mse": {
    "0": 0.00012,
    "1": 0.00012,
    "2": 4e-05,
    "3": 0.0,
    "4": 0.0,
    "5": 0.0,
    "6": 0.0
  },
  "weight_mse": {
    "0": 0.0,
    "1": 0.0001,
    "2": 2e-05,
    "3": 0.0,
    "4": 0.0,
    "5": 0.0,
    "6": 0.0
  }
}