{
  "L": 5,
  "weight_hist": {
    "hist_vals": [
      0.0,
      0.0,
      0.0,
      0.0,
      0.0,
      0.0,
      0.0,
      0.0,
      1e-05,
      1e-05,
      0.0,
      0.0,
      0.0,
      0.0,
      1e-05,
      2e-05,
      4e-05,
      0.00025,
      0.0007,
      0.00205,
      0.00548,
      0.01221,
      0.02565,
      0.04614,
      0.07645,
      0.10744,
      0.13608,
      0.15246,
      0.14478,
      0.12168,
      0.08454,
      0.04951,
      0.02342,
      0.00846,
      0.00215,
      0.00044,
      2e-05
    ],
    "bin_edges": [
      -0.5,
      0.5,
      1.5,
      2.5,
      3.5,
      4.5,
      5.5,
      6.5,
      7.5,
      8.5,
      9.5,
      10.5,
      11.5,
      12.5,
      13.5,
      14.5,
      15.5,
      16.5,
      17.5,
      18.5,
      19.5,
      20.5,
      21.5,
      22.5,
      23.5,
      24.5,
      25.5,
      26.5,
      27.5,
      28.5,
      29.5,
      30.5,
      31.5,
      32.5,
      33.5,
      34.5,
      35.5,
      36.5
    ],
    "hist_counts": [
      0,
      0,
      0,
      0,
      0,
      0,
      0,
      0,
      1,
      1,
      0,
      0,
      0,
      0,
      1,
      2,
      4,
      25,
      70,
      205,
      548,
      1221,
      2565,
      4614,
      7645,
      10744,
      13608,
      15246,
      14478,
      12168,
      8454,
      4951,
      2342,
      846,
      215,
      44,
      2
    ]
  },
  "MSE": {
    "0": 0.0,
    "1": 0.0,
    "2": 0.0,
    "3": 0.0,
    "4": 0.0,
    "5": 0.0,
    "6": 0.0
  },
  "Var": {
    "0": 0.0,
    "1": 0.0,
    "2": 0.0,
    "3": 0.0,
    "4": 0.0,
    "5": 0.0,
    "6": 0.0
  }
}