{
  "L": 4,
  "weight_hist": {
    "hist_vals": [
      0.0,
      1.4324324324324325e-05,
      4.864864864864865e-06,
      2.972972972972973e-06,
      3.5135135135135134e-06,
      2.972972972972973e-06,
      1.0810810810810812e-06,
      3.783783783783784e-06,
      3.783783783783784e-06,
      4.054054054054054e-06,
      5.135135135135135e-06,
      7.297297297297297e-06,
      1.2432432432432433e-05,
      1.8918918918918918e-05,
      3.3783783783783784e-05,
      6.432432432432433e-05,
      0.0001491891891891892,
      0.0004,
      0.001025945945945946,
      0.0026443243243243243,
      0.006312702702702702,
      0.01372,
      0.027324864864864865,
      0.048723243243243244,
      0.07774675675675675,
      0.11013864864864865,
      0.13767243243243243,
      0.15099567567567568,
      0.14399621621621622,
      0.11825648648648648,
      0.0815527027027027,
      0.04687054054054054,
      0.021884324324324324,
      0.007933243243243243,
      0.002091351351351351,
      0.00035027027027027027,
      2.7837837837837836e-05
    ],
    "bin_edges": [
      -0.5,
      0.5,
      1.5,
      2.5,
      3.5,
      4.5,
      5.5,
      6.5,
      7.5,
      8.5,
      9.5,
      10.5,
      11.5,
      12.5,
      13.5,
      14.5,
      15.5,
      16.5,
      17.5,
      18.5,
      19.5,
      20.5,
      21.5,
      22.5,
      23.5,
      24.5,
      25.5,
      26.5,
      27.5,
      28.5,
      29.5,
      30.5,
      31.5,
      32.5,
      33.5,
      34.5,
      35.5,
      36.5
    ],
    "hist_counts": [
      0,
      53,
      18,
      11,
      13,
      11,
      4,
      14,
      14,
      15,
      19,
      27,
      46,
      70,
      125,
      238,
      552,
      1480,
      3796,
      9784,
      23357,
      50764,
      101102,
      180276,
      287663,
      407513,
      509388,
      558684,
      532786,
      437549,
      301745,
      173421,
      80972,
      29353,
      7738,
      1296,
      103
    ]
  },
  "MSE": {
    "0": 4.864864864864865e-06,
    "1": 4.594594594594595e-06,
    "2": 1.891891891891892e-06,
    "3": 1.3513513513513513e-06,
    "4": 2.702702702702703e-07,
    "5": 0.0,
    "6": 0.0
  },
  "Var": {
    "0": 1.3148223007505424e-12,
    "1": 1.2417769529924414e-12,
    "2": 5.113213037725056e-13,
    "3": 3.6522970011636946e-13,
    "4": 7.3046018991965e-14,
    "5": 0.0,
    "6": 0.0
  }
}