{
  "L": 2,
  "weight_hist": {
    "hist_vals": [
      0.0,
      0.002396,
      0.0008226666666666666,
      0.0005453333333333333,
      0.00036533333333333334,
      0.00031,
      0.0003173333333333333,
      0.00035066666666666666,
      0.00042133333333333335,
      0.000626,
      0.0008046666666666666,
      0.00117,
      0.0016346666666666666,
      0.002462666666666667,
      0.003452666666666667,
      0.004945333333333334,
      0.0072106666666666664,
      0.010728,
      0.016466,
      0.024424666666666667,
      0.03583733333333333,
      0.052116666666666665,
      0.07156266666666666,
      0.09228733333333333,
      0.11077866666666666,
      0.122484,
      0.12149866666666667,
      0.10854533333333333,
      0.086022,
      0.058459333333333335,
      0.034688666666666666,
      0.016802666666666667,
      0.006794,
      0.0020993333333333333,
      0.0004946666666666667,
      7.066666666666667e-05,
      4e-06
    ],
    "bin_edges": [
      -0.5,
      0.5,
      1.5,
      2.5,
      3.5,
      4.5,
      5.5,
      6.5,
      7.5,
      8.5,
      9.5,
      10.5,
      11.5,
      12.5,
      13.5,
      14.5,
      15.5,
      16.5,
      17.5,
      18.5,
      19.5,
      20.5,
      21.5,
      22.5,
      23.5,
      24.5,
      25.5,
      26.5,
      27.5,
      28.5,
      29.5,
      30.5,
      31.5,
      32.5,
      33.5,
      34.5,
      35.5,
      36.5
    ],
    "hist_counts": [
      0,
      3594,
      1234,
      818,
      548,
      465,
      476,
      526,
      632,
      939,
      1207,
      1755,
      2452,
      3694,
      5179,
      7418,
      10816,
      16092,
      24699,
      36637,
      53756,
      78175,
      107344,
      138431,
      166168,
      183726,
      182248,
      162818,
      129033,
      87689,
      52033,
      25204,
      10191,
      3149,
      742,
      106,
      6
    ]
  },
  "MSE": {
    "0": 0.000966,
    "1": 0.000734,
    "2": 0.0001,
    "3": 4.266666666666667e-05,
    "4": 1.1333333333333334e-05,
    "5": 5.333333333333334e-06,
    "6": 2e-06
  },
  "Var": {
    "0": 6.43378324918884e-10,
    "1": 4.889744886496595e-10,
    "2": 6.666004444002986e-11,
    "3": 2.844324977698138e-11,
    "4": 7.55547496290926e-12,
    "5": 3.5555389629518747e-12,
    "6": 1.3333315555543631e-12
  }
}