{
  "L": 4,
  "weight_hist": {
    "hist_vals": [
      0.0,
      2e-05,
      0.0,
      0.0,
      0.0,
      0.0,
      0.0,
      0.0,
      0.0,
      0.0,
      0.0,
      0.0,
      0.0,
      2e-05,
      4e-05,
      8e-05,
      0.00018,
      0.00102,
      0.0021,
      0.00616,
      0.01282,
      0.0259,
      0.04986,
      0.07748,
      0.11144,
      0.13778,
      0.1493,
      0.14484,
      0.11914,
      0.0808,
      0.04736,
      0.02284,
      0.00816,
      0.00224,
      0.00038,
      4e-05
    ],
    "bin_edges": [
      0.5,
      1.5,
      2.5,
      3.5,
      4.5,
      5.5,
      6.5,
      7.5,
      8.5,
      9.5,
      10.5,
      11.5,
      12.5,
      13.5,
      14.5,
      15.5,
      16.5,
      17.5,
      18.5,
      19.5,
      20.5,
      21.5,
      22.5,
      23.5,
      24.5,
      25.5,
      26.5,
      27.5,
      28.5,
      29.5,
      30.5,
      31.5,
      32.5,
      33.5,
      34.5,
      35.5,
      36.5
    ],
    "hist_counts": [
      0,
      1,
      0,
      0,
      0,
      0,
      0,
      0,
      0,
      0,
      0,
      0,
      0,
      1,
      2,
      4,
      9,
      51,
      105,
      308,
      641,
      1295,
      2493,
      3874,
      5572,
      6889,
      7465,
      7242,
      5957,
      4040,
      2368,
      1142,
      408,
      112,
      19,
      2
    ]
  },
  "cum_mse": {
    "0": 0.0,
    "1": 0.0,
    "2": 0.0,
    "3": 0.0,
    "4": 0.0,
    "5": 0.0,
    "6": 0.0
  },
  "weight_mse": {
    "0": 0.0,
    "1": 0.0,
    "2": 0.0,
    "3": 0.0,
    "4": 0.0,
    "5": 0.0,
    "6": 0.0
  }
}