{
  "L": 2,
  "weight_hist": {
    "hist_vals": [
      0.00202,
      0.00098,
      0.00078,
      0.00078,
      0.00088,
      0.0009,
      0.00084,
      0.00066,
      0.00124,
      0.00128,
      0.00164,
      0.00286,
      0.00338,
      0.0044,
      0.00646,
      0.0095,
      0.01164,
      0.0166,
      0.0229,
      0.03444,
      0.04604,
      0.06522,
      0.08546,
      0.10442,
      0.1155,
      0.12062,
      0.11246,
      0.09134,
      0.0645,
      0.03936,
      0.01926,
      0.00836,
      0.00256,
      0.00062,
      0.0001,
      0.0
    ],
    "bin_edges": [
      0.5,
      1.5,
      2.5,
      3.5,
      4.5,
      5.5,
      6.5,
      7.5,
      8.5,
      9.5,
      10.5,
      11.5,
      12.5,
      13.5,
      14.5,
      15.5,
      16.5,
      17.5,
      18.5,
      19.5,
      20.5,
      21.5,
      22.5,
      23.5,
      24.5,
      25.5,
      26.5,
      27.5,
      28.5,
      29.5,
      30.5,
      31.5,
      32.5,
      33.5,
      34.5,
      35.5,
      36.5
    ],
    "hist_counts": [
      101,
      49,
      39,
      39,
      44,
      45,
      42,
      33,
      62,
      64,
      82,
      143,
      169,
      220,
      323,
      475,
      582,
      830,
      1145,
      1722,
      2302,
      3261,
      4273,
      5221,
      5775,
      6031,
      5623,
      4567,
      3225,
      1968,
      963,
      418,
      128,
      31,
      5,
      0
    ]
  },
  "cum_mse": {
    "0": 0.00144,
    "1": 0.00112,
    "2": 0.00044,
    "3": 0.00016,
    "4": 4e-05,
    "5": 0.0,
    "6": 0.0
  },
  "weight_mse": {
    "0": 0.0,
    "1": 0.00104,
    "2": 0.00032,
    "3": 6e-05,
    "4": 2e-05,
    "5": 0.0,
    "6": 0.0
  }
}