{
  "L": 1,
  "weight_hist": {
    "hist_vals": [
      0.0,
      0.06459411764705883,
      0.020180392156862743,
      0.011811764705882353,
      0.00818235294117647,
      0.0071196078431372545,
      0.006827450980392157,
      0.0073,
      0.008401960784313725,
      0.01086078431372549,
      0.014133333333333333,
      0.018970588235294118,
      0.025441176470588234,
      0.0323,
      0.040633333333333334,
      0.04883921568627451,
      0.05733921568627451,
      0.0657156862745098,
      0.0722843137254902,
      0.07594117647058823,
      0.07656862745098039,
      0.07474509803921568,
      0.06791960784313726,
      0.057958823529411764,
      0.04571764705882353,
      0.0333235294117647,
      0.021790196078431374,
      0.01334313725490196,
      0.0068196078431372546,
      0.0032294117647058826,
      0.0012294117647058823,
      0.0003647058823529412,
      9.411764705882353e-05,
      1.372549019607843e-05,
      5.882352941176471e-06,
      0.0,
      0.0
    ],
    "bin_edges": [
      -0.5,
      0.5,
      1.5,
      2.5,
      3.5,
      4.5,
      5.5,
      6.5,
      7.5,
      8.5,
      9.5,
      10.5,
      11.5,
      12.5,
      13.5,
      14.5,
      15.5,
      16.5,
      17.5,
      18.5,
      19.5,
      20.5,
      21.5,
      22.5,
      23.5,
      24.5,
      25.5,
      26.5,
      27.5,
      28.5,
      29.5,
      30.5,
      31.5,
      32.5,
      33.5,
      34.5,
      35.5,
      36.5
    ],
    "hist_counts": [
      0,
      32943,
      10292,
      6024,
      4173,
      3631,
      3482,
      3723,
      4285,
      5539,
      7208,
      9675,
      12975,
      16473,
      20723,
      24908,
      29243,
      33515,
      36865,
      38730,
      39050,
      38120,
      34639,
      29559,
      23316,
      16995,
      11113,
      6805,
      3478,
      1647,
      627,
      186,
      48,
      7,
      3,
      0,
      0
    ]
  },
  "MSE": {
    "0": 0.027898039215686274,
    "1": 0.017701960784313724,
    "2": 0.0011529411764705881,
    "3": 0.0004196078431372549,
    "4": 0.0001607843137254902,
    "5": 6.666666666666667e-05,
    "6": 1.568627450980392e-05
  },
  "Var": {
    "0": 5.3176062352291484e-08,
    "1": 3.4095363655035296e-08,
    "2": 2.258066982708176e-09,
    "3": 8.224168525727154e-10,
    "4": 3.152132889083115e-10,
    "5": 1.3071049594650619e-10,
    "6": 3.075697883838185e-11
  }
}