{
  "L": 3,
  "weight_hist": {
    "hist_vals": [
      0.0,
      0.00023,
      9.266666666666666e-05,
      5.466666666666667e-05,
      3.3333333333333335e-05,
      4.266666666666667e-05,
      3.4e-05,
      3.4666666666666665e-05,
      5.133333333333333e-05,
      7e-05,
      9.266666666666666e-05,
      0.00014533333333333333,
      0.00019466666666666666,
      0.0002686666666666667,
      0.00041266666666666665,
      0.000672,
      0.00102,
      0.001766,
      0.0033213333333333333,
      0.006318666666666667,
      0.012124,
      0.022058666666666667,
      0.038098,
      0.061402,
      0.08939066666666666,
      0.11766066666666666,
      0.13864133333333334,
      0.14402466666666666,
      0.12971,
      0.10190533333333333,
      0.067684,
      0.037749333333333336,
      0.017049333333333333,
      0.005897333333333333,
      0.001468,
      0.000262,
      1.9333333333333333e-05
    ],
    "bin_edges": [
      -0.5,
      0.5,
      1.5,
      2.5,
      3.5,
      4.5,
      5.5,
      6.5,
      7.5,
      8.5,
      9.5,
      10.5,
      11.5,
      12.5,
      13.5,
      14.5,
      15.5,
      16.5,
      17.5,
      18.5,
      19.5,
      20.5,
      21.5,
      22.5,
      23.5,
      24.5,
      25.5,
      26.5,
      27.5,
      28.5,
      29.5,
      30.5,
      31.5,
      32.5,
      33.5,
      34.5,
      35.5,
      36.5
    ],
    "hist_counts": [
      0,
      345,
      139,
      82,
      50,
      64,
      51,
      52,
      77,
      105,
      139,
      218,
      292,
      403,
      619,
      1008,
      1530,
      2649,
      4982,
      9478,
      18186,
      33088,
      57147,
      92103,
      134086,
      176491,
      207962,
      216037,
      194565,
      152858,
      101526,
      56624,
      25574,
      8846,
      2202,
      393,
      29
    ]
  },
  "MSE": {
    "0": 9.266666666666666e-05,
    "1": 8.6e-05,
    "2": 2.8666666666666668e-05,
    "3": 1.7333333333333332e-05,
    "4": 6.666666666666667e-07,
    "5": 0.0,
    "6": 0.0
  },
  "Var": {
    "0": 6.177209421843308e-11,
    "1": 5.7328440885627174e-11,
    "2": 1.9110575999643255e-11,
    "3": 1.155536296283459e-11,
    "4": 4.444444444444451e-13,
    "5": 0.0,
    "6": 0.0
  }
}