{
  "L": 1,
  "weight_hist": {
    "hist_vals": [
      0.02784,
      0.00704,
      0.00612,
      0.00586,
      0.00566,
      0.00514,
      0.00692,
      0.00772,
      0.01168,
      0.01364,
      0.01974,
      0.02324,
      0.0312,
      0.04064,
      0.05064,
      0.06268,
      0.07472,
      0.08402,
      0.08916,
      0.08948,
      0.08488,
      0.07798,
      0.0614,
      0.04494,
      0.0314,
      0.01932,
      0.01034,
      0.0043,
      0.00154,
      0.00062,
      0.00012,
      2e-05,
      0.0,
      0.0,
      0.0,
      0.0
    ],
    "bin_edges": [
      0.5,
      1.5,
      2.5,
      3.5,
      4.5,
      5.5,
      6.5,
      7.5,
      8.5,
      9.5,
      10.5,
      11.5,
      12.5,
      13.5,
      14.5,
      15.5,
      16.5,
      17.5,
      18.5,
      19.5,
      20.5,
      21.5,
      22.5,
      23.5,
      24.5,
      25.5,
      26.5,
      27.5,
      28.5,
      29.5,
      30.5,
      31.5,
      32.5,
      33.5,
      34.5,
      35.5,
      36.5
    ],
    "hist_counts": [
      1392,
      352,
      306,
      293,
      283,
      257,
      346,
      386,
      584,
      682,
      987,
      1162,
      1560,
      2032,
      2532,
      3134,
      3736,
      4201,
      4458,
      4474,
      4244,
      3899,
      3070,
      2247,
      1570,
      966,
      517,
      215,
      77,
      31,
      6,
      1,
      0,
      0,
      0,
      0
    ]
  },
  "cum_mse": {
    "0": 0.00638,
    "1": 0.0029,
    "2": 0.0008,
    "3": 0.00036,
    "4": 0.0001,
    "5": 2e-05,
    "6": 0.0
  },
  "weight_mse": {
    "0": 0.0,
    "1": 0.00544,
    "2": 0.00064,
    "3": 0.00024,
    "4": 4e-05,
    "5": 2e-05,
    "6": 0.0
  }
}