{
  "prop_time": {
    "1": [
      0.04382777214050293
    ],
    "2": [
      3.9997756481170654
    ],
    "3": [
      405.5837142467499
    ],
    "4": [
      23189.869547843933
    ]
  },
  "exp_time": {
    "1": [
      0.0
    ],
    "2": [
      0.011995553970336914
    ],
    "3": [
      0.3436253070831299
    ],
    "4": [
      10.999876976013184
    ]
  },
  "expectation": {
    "1": [
      -0.00121378950849185
    ],
    "2": [
      -0.0018802965141468601
    ],
    "3": [
      -0.0025370607163506726
    ],
    "4": [
      -0.004297947259708867
    ]
  }
}