{
  "prop_time": {
    "1": [
      0.050549983978271484
    ],
    "2": [
      5.171568393707275
    ],
    "3": [
      505.3548240661621
    ],
    "4": [
      23695.03981399536
    ]
  },
  "exp_time": {
    "1": [
      0.0
    ],
    "2": [
      0.003997087478637695
    ],
    "3": [
      0.32123517990112305
    ],
    "4": [
      9.46245265007019
    ]
  },
  "expectation": {
    "1": [
      -0.00023839789634657848
    ],
    "2": [
      0.0001676031576154938
    ],
    "3": [
      0.00030071610068156185
    ],
    "4": [
      0.0004250538094879278
    ]
  }
}