{
  "prop_time": {
    "1": [
      0.013002634048461914
    ],
    "2": [
      0.5788345336914062
    ],
    "3": [
      26.472384929656982
    ],
    "4": [
      794.2277083396912
    ]
  },
  "exp_time": {
    "1": [
      0.0
    ],
    "2": [
      0.004961252212524414
    ],
    "3": [
      0.1947951316833496
    ],
    "4": [
      5.332508087158203
    ]
  },
  "expectation": {
    "1": [
      -0.17500601923784656
    ],
    "2": [
      -0.24237398990114392
    ],
    "3": [
      -0.26319833896964906
    ],
    "4": [
      -0.2654221458337497
    ]
  }
}