{
  "prop_time": {
    "1": [
      0.05557847023010254
    ],
    "2": [
      6.2442708015441895
    ],
    "3": [
      641.5670416355133
    ]
  },
  "exp_time": {
    "1": [
      0.0
    ],
    "2": [
      0.00495600700378418
    ],
    "3": [
      0.312511682510376
    ]
  },
  "expectation": {
    "1": [
      -1.4830996914506855e-05
    ],
    "2": [
      -0.00019405438500044977
    ],
    "3": [
      -0.00014870387983175048
    ]
  }
}