{
  "prop_time": {
    "1": [
      0.023014307022094727
    ],
    "2": [
      1.6984851360321045
    ],
    "3": [
      137.55647611618042
    ],
    "4": [
      7432.2095267772675
    ]
  },
  "exp_time": {
    "1": [
      0.0
    ],
    "2": [
      0.006000041961669922
    ],
    "3": [
      0.31902575492858887
    ],
    "4": [
      15.885030508041382
    ]
  },
  "expectation": {
    "1": [
      -0.004735954766211571
    ],
    "2": [
      0.013197354382352674
    ],
    "3": [
      0.008799128762382626
    ],
    "4": [
      0.00677786802916853
    ]
  }
}