{
  "prop_time": {
    "1": [
      0.036020755767822266
    ],
    "2": [
      2.897341012954712
    ],
    "3": [
      268.23846888542175
    ],
    "4": [
      15298.906506538391
    ]
  },
  "exp_time": {
    "1": [
      0.0
    ],
    "2": [
      0.004020214080810547
    ],
    "3": [
      0.32239627838134766
    ],
    "4": [
      17.421720504760742
    ]
  },
  "expectation": {
    "1": [
      -0.009690956267380018
    ],
    "2": [
      -0.00571794358450246
    ],
    "3": [
      -0.006533991247401815
    ],
    "4": [
      -0.010725093419603694
    ]
  }
}